date,X1,X2,X3,X4,X5,X6,X7,X8,X9,X10,X11,X12,X13,X14,X15,X16,X17,X18,X19,X20,X21,X22,X23,X24,X25,X26,X27,X28,X29,X30,X31,X32,X33,X34,X35,X36,X37,X38,X39,X40,X41,X42,X43,X44,X45,X46,X47,X48,X49,X50,X51
2024-04-01,1.24,1.24,1.24,1.24,1.24,1.24,1.24,1.24,1.24,1.24,1.24,1.24,1.24,1.24,1.24,1.24,1.24,1.24,1.24,1.24,1.24,1.24,1.24,1.24,1.24,1.24,1.24,1.24,1.24,1.24,1.24,1.24,1.24,1.24,1.24,1.24,1.24,1.24,1.24,1.24,1.24,1.24,1.24,1.24,1.24,1.24,1.24,1.24,1.24,1.24,1.24
2024-04-02,1.24,1.24,1.24,1.24,1.24,1.24,1.24,1.24,1.24,1.24,1.24,1.24,1.24,1.24,1.24,1.24,1.24,1.24,1.24,1.24,1.24,1.24,1.24,1.24,1.24,1.24,1.24,1.24,1.24,1.24,1.24,1.24,1.24,1.24,1.24,1.24,1.24,1.24,1.24,1.24,1.24,1.24,1.24,1.24,1.24,1.24,1.24,1.24,1.24,1.24,1.24
2024-04-03,1.24,1.24,1.24,1.24,1.24,1.24,1.24,1.24,1.24,1.24,1.24,1.24,1.24,1.24,1.24,1.24,1.24,1.24,1.24,1.24,1.24,1.24,1.24,1.24,1.24,1.24,1.24,1.24,1.24,1.24,1.24,1.24,1.24,1.24,1.24,1.24,1.24,1.24,1.24,1.24,1.24,1.24,1.24,1.24,1.24,1.24,1.24,1.24,1.24,1.24,1.24
2024-04-04,1.24,1.24,1.24,1.24,1.24,1.24,1.24,1.24,1.24,1.24,1.24,1.24,1.24,1.24,1.24,1.24,1.24,1.24,1.24,1.24,1.24,1.24,1.24,1.24,1.24,1.24,1.24,1.24,1.24,1.24,1.24,1.24,1.24,1.24,1.24,1.24,1.24,1.24,1.24,1.24,1.24,1.24,1.24,1.24,1.24,1.24,1.24,1.24,1.24,1.24,1.24
2024-04-05,1.24,1.24,1.24,1.24,1.24,1.24,1.24,1.24,1.24,1.24,1.24,1.24,1.24,1.24,1.24,1.24,1.24,1.24,1.24,1.24,1.24,1.24,1.24,1.24,1.24,1.24,1.24,1.24,1.24,1.24,1.24,1.24,1.24,1.24,1.24,1.24,1.24,1.24,1.24,1.24,1.24,1.24,1.24,1.24,1.24,1.24,1.24,1.24,1.24,1.24,1.24
2024-04-06,1.24,1.24,1.24,1.24,1.24,1.24,1.24,1.24,1.24,1.24,1.24,1.24,1.24,1.24,1.24,1.24,1.24,1.24,1.24,1.24,1.24,1.24,1.24,1.24,1.24,1.24,1.24,1.24,1.24,1.24,1.24,1.24,1.24,1.24,1.24,1.24,1.24,1.24,1.24,1.24,1.24,1.24,1.24,1.24,1.24,1.24,1.24,1.24,1.24,1.24,1.24
2024-04-07,1.24,1.24,1.24,1.24,1.24,1.24,1.24,1.24,1.24,1.24,1.24,1.24,1.24,1.24,1.24,1.24,1.24,1.24,1.24,1.24,1.24,1.24,1.24,1.24,1.24,1.24,1.24,1.24,1.24,1.24,1.24,1.24,1.24,1.24,1.24,1.24,1.24,1.24,1.24,1.24,1.24,1.24,1.24,1.24,1.24,1.24,1.24,1.24,1.24,1.24,1.24
2024-04-08,1.24,1.24,1.24,1.24,1.24,1.24,1.24,1.24,1.24,1.24,1.24,1.24,1.24,1.24,1.24,1.24,1.24,1.24,1.24,1.24,1.24,1.24,1.24,1.24,1.24,1.24,1.24,1.24,1.24,1.24,1.24,1.24,1.24,1.24,1.24,1.24,1.24,1.24,1.24,1.24,1.24,1.24,1.24,1.24,1.24,1.24,1.24,1.24,1.24,1.24,1.24
2024-04-09,1.24,1.24,1.24,1.24,1.24,1.24,1.24,1.24,1.24,1.24,1.24,1.24,1.24,1.24,1.24,1.24,1.24,1.24,1.24,1.24,1.24,1.24,1.24,1.24,1.24,1.24,1.24,1.24,1.24,1.24,1.24,1.24,1.24,1.24,1.24,1.24,1.24,1.24,1.24,1.24,1.24,1.24,1.24,1.24,1.24,1.24,1.24,1.24,1.24,1.24,1.24
2024-04-10,1.24,1.24,1.24,1.24,1.24,1.24,1.24,1.24,1.24,1.24,1.24,1.24,1.24,1.24,1.24,1.24,1.24,1.24,1.24,1.24,1.24,1.24,1.24,1.24,1.24,1.24,1.24,1.24,1.24,1.24,1.24,1.24,1.24,1.24,1.24,1.24,1.24,1.24,1.24,1.24,1.24,1.24,1.24,1.24,1.24,1.24,1.24,1.24,1.24,1.24,1.24
2024-04-11,1.24,1.24,1.24,1.24,1.24,1.24,1.24,1.24,1.24,1.24,1.24,1.24,1.24,1.24,1.24,1.24,1.24,1.24,1.24,1.24,1.24,1.24,1.24,1.24,1.24,1.24,1.24,1.24,1.24,1.24,1.24,1.24,1.24,1.24,1.24,1.24,1.24,1.24,1.24,1.24,1.24,1.24,1.24,1.24,1.24,1.24,1.24,1.24,1.24,1.24,1.24
2024-04-12,1.24,1.24,1.24,1.24,1.24,1.24,1.24,1.24,1.24,1.24,1.24,1.24,1.24,1.24,1.24,1.24,1.24,1.24,1.24,1.24,1.24,1.24,1.24,1.24,1.24,1.24,1.24,1.24,1.24,1.24,1.24,1.24,1.24,1.24,1.24,1.24,1.24,1.24,1.24,1.24,1.24,1.24,1.24,1.24,1.24,1.24,1.24,1.24,1.24,1.24,1.24
2024-04-13,1.24,1.24,1.24,1.24,1.24,1.24,1.24,1.24,1.24,1.24,1.24,1.24,1.24,1.24,1.24,1.24,1.24,1.24,1.24,1.24,1.24,1.24,1.24,1.24,1.24,1.24,1.24,1.24,1.24,1.24,1.24,1.24,1.24,1.24,1.24,1.24,1.24,1.24,1.24,1.24,1.24,1.24,1.24,1.24,1.24,1.24,1.24,1.24,1.24,1.24,1.24
2024-04-14,1.24,1.24,1.24,1.24,1.24,1.24,1.24,1.24,1.24,1.24,1.24,1.24,1.24,1.24,1.24,1.24,1.24,1.24,1.24,1.24,1.24,1.24,1.24,1.24,1.24,1.24,1.24,1.24,1.24,1.24,1.24,1.24,1.24,1.24,1.24,1.24,1.24,1.24,1.24,1.24,1.24,1.24,1.24,1.24,1.24,1.24,1.24,1.24,1.24,1.24,1.24
2024-04-15,1.24,1.24,1.24,1.24,1.24,1.24,1.24,1.24,1.24,1.24,1.24,1.24,1.24,1.24,1.24,1.24,1.24,1.24,1.24,1.24,1.24,1.24,1.24,1.24,1.24,1.24,1.24,1.24,1.24,1.24,1.24,1.24,1.24,1.24,1.24,1.24,1.24,1.24,1.24,1.24,1.24,1.24,1.24,1.24,1.24,1.24,1.24,1.24,1.24,1.24,1.24
2024-04-16,1.24,1.24,1.24,1.24,1.24,1.24,1.24,1.24,1.24,1.24,1.24,1.24,1.24,1.24,1.24,1.24,1.24,1.24,1.24,1.24,1.24,1.24,1.24,1.24,1.24,1.24,1.24,1.24,1.24,1.24,1.24,1.24,1.24,1.24,1.24,1.24,1.24,1.24,1.24,1.24,1.24,1.24,1.24,1.24,1.24,1.24,1.24,1.24,1.24,1.24,1.24
2024-04-17,1.24,1.24,1.24,1.24,1.24,1.24,1.24,1.24,1.24,1.24,1.24,1.24,1.24,1.24,1.24,1.24,1.24,1.24,1.24,1.24,1.24,1.24,1.24,1.24,1.24,1.24,1.24,1.24,1.24,1.24,1.24,1.24,1.24,1.24,1.24,1.24,1.24,1.24,1.24,1.24,1.24,1.24,1.24,1.24,1.24,1.24,1.24,1.24,1.24,1.24,1.24
2024-04-18,1.24,1.24,1.24,1.24,1.24,1.24,1.24,1.24,1.24,1.24,1.24,1.24,1.24,1.24,1.24,1.24,1.24,1.24,1.24,1.24,1.24,1.24,1.24,1.24,1.24,1.24,1.24,1.24,1.24,1.24,1.24,1.24,1.24,1.24,1.24,1.24,1.24,1.24,1.24,1.24,1.24,1.24,1.24,1.24,1.24,1.24,1.24,1.24,1.24,1.24,1.24
2024-04-19,1.24,1.24,1.24,1.24,1.24,1.24,1.24,1.24,1.24,1.24,1.24,1.24,1.24,1.24,1.24,1.24,1.24,1.24,1.24,1.24,1.24,1.24,1.24,1.24,1.24,1.24,1.24,1.24,1.24,1.24,1.24,1.24,1.24,1.24,1.24,1.24,1.24,1.24,1.24,1.24,1.24,1.24,1.24,1.24,1.24,1.24,1.24,1.24,1.24,1.24,1.24
2024-04-20,1.24,1.24,1.24,1.24,1.24,1.24,1.24,1.24,1.24,1.24,1.24,1.24,1.24,1.24,1.24,1.24,1.24,1.24,1.24,1.24,1.24,1.24,1.24,1.24,1.24,1.24,1.24,1.24,1.24,1.24,1.24,1.24,1.24,1.24,1.24,1.24,1.24,1.24,1.24,1.24,1.24,1.24,1.24,1.24,1.24,1.24,1.24,1.24,1.24,1.24,1.24
2024-04-21,1.24,1.24,1.24,1.24,1.24,1.24,1.24,1.24,1.24,1.24,1.24,1.24,1.24,1.24,1.24,1.24,1.24,1.24,1.24,1.24,1.24,1.24,1.24,1.24,1.24,1.24,1.24,1.24,1.24,1.24,1.24,1.24,1.24,1.24,1.24,1.24,1.24,1.24,1.24,1.24,1.24,1.24,1.24,1.24,1.24,1.24,1.24,1.24,1.24,1.24,1.24
2024-04-22,1.24,1.24,1.24,1.24,1.24,1.24,1.24,1.24,1.24,1.24,1.24,1.24,1.24,1.24,1.24,1.24,1.24,1.24,1.24,1.24,1.24,1.24,1.24,1.24,1.24,1.24,1.24,1.24,1.24,1.24,1.24,1.24,1.24,1.24,1.24,1.24,1.24,1.24,1.24,1.24,1.24,1.24,1.24,1.24,1.24,1.24,1.24,1.24,1.24,1.24,1.24
2024-04-23,1.24,1.24,1.24,1.24,1.24,1.24,1.24,1.24,1.24,1.24,1.24,1.24,1.24,1.24,1.24,1.24,1.24,1.24,1.24,1.24,1.24,1.24,1.24,1.24,1.24,1.24,1.24,1.24,1.24,1.24,1.24,1.24,1.24,1.24,1.24,1.24,1.24,1.24,1.24,1.24,1.24,1.24,1.24,1.24,1.24,1.24,1.24,1.24,1.24,1.24,1.24
2024-04-24,1.24,1.24,1.24,1.24,1.24,1.24,1.24,1.24,1.24,1.24,1.24,1.24,1.24,1.24,1.24,1.24,1.24,1.24,1.24,1.24,1.24,1.24,1.24,1.24,1.24,1.24,1.24,1.24,1.24,1.24,1.24,1.24,1.24,1.24,1.24,1.24,1.24,1.24,1.24,1.24,1.24,1.24,1.24,1.24,1.24,1.24,1.24,1.24,1.24,1.24,1.24
2024-04-25,1.24,1.24,1.24,1.24,1.24,1.24,1.24,1.24,1.24,1.24,1.24,1.24,1.24,1.24,1.24,1.24,1.24,1.24,1.24,1.24,1.24,1.24,1.24,1.24,1.24,1.24,1.24,1.24,1.24,1.24,1.24,1.24,1.24,1.24,1.24,1.24,1.24,1.24,1.24,1.24,1.24,1.24,1.24,1.24,1.24,1.24,1.24,1.24,1.24,1.24,1.24
2024-04-26,1.24,1.24,1.24,1.24,1.24,1.24,1.24,1.24,1.24,1.24,1.24,1.24,1.24,1.24,1.24,1.24,1.24,1.24,1.24,1.24,1.24,1.24,1.24,1.24,1.24,1.24,1.24,1.24,1.24,1.24,1.24,1.24,1.24,1.24,1.24,1.24,1.24,1.24,1.24,1.24,1.24,1.24,1.24,1.24,1.24,1.24,1.24,1.24,1.24,1.24,1.24
2024-04-27,1.24,1.24,1.24,1.24,1.24,1.24,1.24,1.24,1.24,1.24,1.24,1.24,1.24,1.24,1.24,1.24,1.24,1.24,1.24,1.24,1.24,1.24,1.24,1.24,1.24,1.24,1.24,1.24,1.24,1.24,1.24,1.24,1.24,1.24,1.24,1.24,1.24,1.24,1.24,1.24,1.24,1.24,1.24,1.24,1.24,1.24,1.24,1.24,1.24,1.24,1.24
2024-04-28,1.24,1.24,1.24,1.24,1.24,1.24,1.24,1.24,1.24,1.24,1.24,1.24,1.24,1.24,1.24,1.24,1.24,1.24,1.24,1.24,1.24,1.24,1.24,1.24,1.24,1.24,1.24,1.24,1.24,1.24,1.24,1.24,1.24,1.24,1.24,1.24,1.24,1.24,1.24,1.24,1.24,1.24,1.24,1.24,1.24,1.24,1.24,1.24,1.24,1.24,1.24
2024-04-29,1.24,1.24,1.24,1.24,1.24,1.24,1.24,1.24,1.24,1.24,1.24,1.24,1.24,1.24,1.24,1.24,1.24,1.24,1.24,1.24,1.24,1.24,1.24,1.24,1.24,1.24,1.24,1.24,1.24,1.24,1.24,1.24,1.24,1.24,1.24,1.24,1.24,1.24,1.24,1.24,1.24,1.24,1.24,1.24,1.24,1.24,1.24,1.24,1.24,1.24,1.24
2024-04-30,1.24,1.24,1.24,1.24,1.24,1.24,1.24,1.24,1.24,1.24,1.24,1.24,1.24,1.24,1.24,1.24,1.24,1.24,1.24,1.24,1.24,1.24,1.24,1.24,1.24,1.24,1.24,1.24,1.24,1.24,1.24,1.24,1.24,1.24,1.24,1.24,1.24,1.24,1.24,1.24,1.24,1.24,1.24,1.24,1.24,1.24,1.24,1.24,1.24,1.24,1.24
2024-05-01,1.09,1.09,1.09,1.09,1.09,1.09,1.09,1.09,1.09,1.09,1.09,1.09,1.09,1.09,1.09,1.09,1.09,1.09,1.09,1.09,1.09,1.09,1.09,1.09,1.09,1.09,1.09,1.09,1.09,1.09,1.09,1.09,1.09,1.09,1.09,1.09,1.09,1.09,1.09,1.09,1.09,1.09,1.09,1.09,1.09,1.09,1.09,1.09,1.09,1.09,1.09
2024-05-02,1.09,1.09,1.09,1.09,1.09,1.09,1.09,1.09,1.09,1.09,1.09,1.09,1.09,1.09,1.09,1.09,1.09,1.09,1.09,1.09,1.09,1.09,1.09,1.09,1.09,1.09,1.09,1.09,1.09,1.09,1.09,1.09,1.09,1.09,1.09,1.09,1.09,1.09,1.09,1.09,1.09,1.09,1.09,1.09,1.09,1.09,1.09,1.09,1.09,1.09,1.09
2024-05-03,1.09,1.09,1.09,1.09,1.09,1.09,1.09,1.09,1.09,1.09,1.09,1.09,1.09,1.09,1.09,1.09,1.09,1.09,1.09,1.09,1.09,1.09,1.09,1.09,1.09,1.09,1.09,1.09,1.09,1.09,1.09,1.09,1.09,1.09,1.09,1.09,1.09,1.09,1.09,1.09,1.09,1.09,1.09,1.09,1.09,1.09,1.09,1.09,1.09,1.09,1.09
2024-05-04,1.09,1.09,1.09,1.09,1.09,1.09,1.09,1.09,1.09,1.09,1.09,1.09,1.09,1.09,1.09,1.09,1.09,1.09,1.09,1.09,1.09,1.09,1.09,1.09,1.09,1.09,1.09,1.09,1.09,1.09,1.09,1.09,1.09,1.09,1.09,1.09,1.09,1.09,1.09,1.09,1.09,1.09,1.09,1.09,1.09,1.09,1.09,1.09,1.09,1.09,1.09
2024-05-05,1.09,1.09,1.09,1.09,1.09,1.09,1.09,1.09,1.09,1.09,1.09,1.09,1.09,1.09,1.09,1.09,1.09,1.09,1.09,1.09,1.09,1.09,1.09,1.09,1.09,1.09,1.09,1.09,1.09,1.09,1.09,1.09,1.09,1.09,1.09,1.09,1.09,1.09,1.09,1.09,1.09,1.09,1.09,1.09,1.09,1.09,1.09,1.09,1.09,1.09,1.09
2024-05-06,1.09,1.09,1.09,1.09,1.09,1.09,1.09,1.09,1.09,1.09,1.09,1.09,1.09,1.09,1.09,1.09,1.09,1.09,1.09,1.09,1.09,1.09,1.09,1.09,1.09,1.09,1.09,1.09,1.09,1.09,1.09,1.09,1.09,1.09,1.09,1.09,1.09,1.09,1.09,1.09,1.09,1.09,1.09,1.09,1.09,1.09,1.09,1.09,1.09,1.09,1.09
2024-05-07,1.09,1.09,1.09,1.09,1.09,1.09,1.09,1.09,1.09,1.09,1.09,1.09,1.09,1.09,1.09,1.09,1.09,1.09,1.09,1.09,1.09,1.09,1.09,1.09,1.09,1.09,1.09,1.09,1.09,1.09,1.09,1.09,1.09,1.09,1.09,1.09,1.09,1.09,1.09,1.09,1.09,1.09,1.09,1.09,1.09,1.09,1.09,1.09,1.09,1.09,1.09
2024-05-08,1.09,1.09,1.09,1.09,1.09,1.09,1.09,1.09,1.09,1.09,1.09,1.09,1.09,1.09,1.09,1.09,1.09,1.09,1.09,1.09,1.09,1.09,1.09,1.09,1.09,1.09,1.09,1.09,1.09,1.09,1.09,1.09,1.09,1.09,1.09,1.09,1.09,1.09,1.09,1.09,1.09,1.09,1.09,1.09,1.09,1.09,1.09,1.09,1.09,1.09,1.09
2024-05-09,1.09,1.09,1.09,1.09,1.09,1.09,1.09,1.09,1.09,1.09,1.09,1.09,1.09,1.09,1.09,1.09,1.09,1.09,1.09,1.09,1.09,1.09,1.09,1.09,1.09,1.09,1.09,1.09,1.09,1.09,1.09,1.09,1.09,1.09,1.09,1.09,1.09,1.09,1.09,1.09,1.09,1.09,1.09,1.09,1.09,1.09,1.09,1.09,1.09,1.09,1.09
2024-05-10,1.09,1.09,1.09,1.09,1.09,1.09,1.09,1.09,1.09,1.09,1.09,1.09,1.09,1.09,1.09,1.09,1.09,1.09,1.09,1.09,1.09,1.09,1.09,1.09,1.09,1.09,1.09,1.09,1.09,1.09,1.09,1.09,1.09,1.09,1.09,1.09,1.09,1.09,1.09,1.09,1.09,1.09,1.09,1.09,1.09,1.09,1.09,1.09,1.09,1.09,1.09
2024-05-11,1.09,1.09,1.09,1.09,1.09,1.09,1.09,1.09,1.09,1.09,1.09,1.09,1.09,1.09,1.09,1.09,1.09,1.09,1.09,1.09,1.09,1.09,1.09,1.09,1.09,1.09,1.09,1.09,1.09,1.09,1.09,1.09,1.09,1.09,1.09,1.09,1.09,1.09,1.09,1.09,1.09,1.09,1.09,1.09,1.09,1.09,1.09,1.09,1.09,1.09,1.09
2024-05-12,1.09,1.09,1.09,1.09,1.09,1.09,1.09,1.09,1.09,1.09,1.09,1.09,1.09,1.09,1.09,1.09,1.09,1.09,1.09,1.09,1.09,1.09,1.09,1.09,1.09,1.09,1.09,1.09,1.09,1.09,1.09,1.09,1.09,1.09,1.09,1.09,1.09,1.09,1.09,1.09,1.09,1.09,1.09,1.09,1.09,1.09,1.09,1.09,1.09,1.09,1.09
2024-05-13,1.09,1.09,1.09,1.09,1.09,1.09,1.09,1.09,1.09,1.09,1.09,1.09,1.09,1.09,1.09,1.09,1.09,1.09,1.09,1.09,1.09,1.09,1.09,1.09,1.09,1.09,1.09,1.09,1.09,1.09,1.09,1.09,1.09,1.09,1.09,1.09,1.09,1.09,1.09,1.09,1.09,1.09,1.09,1.09,1.09,1.09,1.09,1.09,1.09,1.09,1.09
2024-05-14,1.09,1.09,1.09,1.09,1.09,1.09,1.09,1.09,1.09,1.09,1.09,1.09,1.09,1.09,1.09,1.09,1.09,1.09,1.09,1.09,1.09,1.09,1.09,1.09,1.09,1.09,1.09,1.09,1.09,1.09,1.09,1.09,1.09,1.09,1.09,1.09,1.09,1.09,1.09,1.09,1.09,1.09,1.09,1.09,1.09,1.09,1.09,1.09,1.09,1.09,1.09
2024-05-15,1.09,1.09,1.09,1.09,1.09,1.09,1.09,1.09,1.09,1.09,1.09,1.09,1.09,1.09,1.09,1.09,1.09,1.09,1.09,1.09,1.09,1.09,1.09,1.09,1.09,1.09,1.09,1.09,1.09,1.09,1.09,1.09,1.09,1.09,1.09,1.09,1.09,1.09,1.09,1.09,1.09,1.09,1.09,1.09,1.09,1.09,1.09,1.09,1.09,1.09,1.09
2024-05-16,1.09,1.09,1.09,1.09,1.09,1.09,1.09,1.09,1.09,1.09,1.09,1.09,1.09,1.09,1.09,1.09,1.09,1.09,1.09,1.09,1.09,1.09,1.09,1.09,1.09,1.09,1.09,1.09,1.09,1.09,1.09,1.09,1.09,1.09,1.09,1.09,1.09,1.09,1.09,1.09,1.09,1.09,1.09,1.09,1.09,1.09,1.09,1.09,1.09,1.09,1.09
2024-05-17,1.09,1.09,1.09,1.09,1.09,1.09,1.09,1.09,1.09,1.09,1.09,1.09,1.09,1.09,1.09,1.09,1.09,1.09,1.09,1.09,1.09,1.09,1.09,1.09,1.09,1.09,1.09,1.09,1.09,1.09,1.09,1.09,1.09,1.09,1.09,1.09,1.09,1.09,1.09,1.09,1.09,1.09,1.09,1.09,1.09,1.09,1.09,1.09,1.09,1.09,1.09
2024-05-18,1.09,1.09,1.09,1.09,1.09,1.09,1.09,1.09,1.09,1.09,1.09,1.09,1.09,1.09,1.09,1.09,1.09,1.09,1.09,1.09,1.09,1.09,1.09,1.09,1.09,1.09,1.09,1.09,1.09,1.09,1.09,1.09,1.09,1.09,1.09,1.09,1.09,1.09,1.09,1.09,1.09,1.09,1.09,1.09,1.09,1.09,1.09,1.09,1.09,1.09,1.09
2024-05-19,1.09,1.09,1.09,1.09,1.09,1.09,1.09,1.09,1.09,1.09,1.09,1.09,1.09,1.09,1.09,1.09,1.09,1.09,1.09,1.09,1.09,1.09,1.09,1.09,1.09,1.09,1.09,1.09,1.09,1.09,1.09,1.09,1.09,1.09,1.09,1.09,1.09,1.09,1.09,1.09,1.09,1.09,1.09,1.09,1.09,1.09,1.09,1.09,1.09,1.09,1.09
2024-05-20,1.09,1.09,1.09,1.09,1.09,1.09,1.09,1.09,1.09,1.09,1.09,1.09,1.09,1.09,1.09,1.09,1.09,1.09,1.09,1.09,1.09,1.09,1.09,1.09,1.09,1.09,1.09,1.09,1.09,1.09,1.09,1.09,1.09,1.09,1.09,1.09,1.09,1.09,1.09,1.09,1.09,1.09,1.09,1.09,1.09,1.09,1.09,1.09,1.09,1.09,1.09
2024-05-21,1.09,1.09,1.09,1.09,1.09,1.09,1.09,1.09,1.09,1.09,1.09,1.09,1.09,1.09,1.09,1.09,1.09,1.09,1.09,1.09,1.09,1.09,1.09,1.09,1.09,1.09,1.09,1.09,1.09,1.09,1.09,1.09,1.09,1.09,1.09,1.09,1.09,1.09,1.09,1.09,1.09,1.09,1.09,1.09,1.09,1.09,1.09,1.09,1.09,1.09,1.09
2024-05-22,1.09,1.09,1.09,1.09,1.09,1.09,1.09,1.09,1.09,1.09,1.09,1.09,1.09,1.09,1.09,1.09,1.09,1.09,1.09,1.09,1.09,1.09,1.09,1.09,1.09,1.09,1.09,1.09,1.09,1.09,1.09,1.09,1.09,1.09,1.09,1.09,1.09,1.09,1.09,1.09,1.09,1.09,1.09,1.09,1.09,1.09,1.09,1.09,1.09,1.09,1.09
2024-05-23,1.09,1.09,1.09,1.09,1.09,1.09,1.09,1.09,1.09,1.09,1.09,1.09,1.09,1.09,1.09,1.09,1.09,1.09,1.09,1.09,1.09,1.09,1.09,1.09,1.09,1.09,1.09,1.09,1.09,1.09,1.09,1.09,1.09,1.09,1.09,1.09,1.09,1.09,1.09,1.09,1.09,1.09,1.09,1.09,1.09,1.09,1.09,1.09,1.09,1.09,1.09
2024-05-24,1.09,1.09,1.09,1.09,1.09,1.09,1.09,1.09,1.09,1.09,1.09,1.09,1.09,1.09,1.09,1.09,1.09,1.09,1.09,1.09,1.09,1.09,1.09,1.09,1.09,1.09,1.09,1.09,1.09,1.09,1.09,1.09,1.09,1.09,1.09,1.09,1.09,1.09,1.09,1.09,1.09,1.09,1.09,1.09,1.09,1.09,1.09,1.09,1.09,1.09,1.09
2024-05-25,1.09,1.09,1.09,1.09,1.09,1.09,1.09,1.09,1.09,1.09,1.09,1.09,1.09,1.09,1.09,1.09,1.09,1.09,1.09,1.09,1.09,1.09,1.09,1.09,1.09,1.09,1.09,1.09,1.09,1.09,1.09,1.09,1.09,1.09,1.09,1.09,1.09,1.09,1.09,1.09,1.09,1.09,1.09,1.09,1.09,1.09,1.09,1.09,1.09,1.09,1.09
2024-05-26,1.09,1.09,1.09,1.09,1.09,1.09,1.09,1.09,1.09,1.09,1.09,1.09,1.09,1.09,1.09,1.09,1.09,1.09,1.09,1.09,1.09,1.09,1.09,1.09,1.09,1.09,1.09,1.09,1.09,1.09,1.09,1.09,1.09,1.09,1.09,1.09,1.09,1.09,1.09,1.09,1.09,1.09,1.09,1.09,1.09,1.09,1.09,1.09,1.09,1.09,1.09
2024-05-27,1.09,1.09,1.09,1.09,1.09,1.09,1.09,1.09,1.09,1.09,1.09,1.09,1.09,1.09,1.09,1.09,1.09,1.09,1.09,1.09,1.09,1.09,1.09,1.09,1.09,1.09,1.09,1.09,1.09,1.09,1.09,1.09,1.09,1.09,1.09,1.09,1.09,1.09,1.09,1.09,1.09,1.09,1.09,1.09,1.09,1.09,1.09,1.09,1.09,1.09,1.09
2024-05-28,1.09,1.09,1.09,1.09,1.09,1.09,1.09,1.09,1.09,1.09,1.09,1.09,1.09,1.09,1.09,1.09,1.09,1.09,1.09,1.09,1.09,1.09,1.09,1.09,1.09,1.09,1.09,1.09,1.09,1.09,1.09,1.09,1.09,1.09,1.09,1.09,1.09,1.09,1.09,1.09,1.09,1.09,1.09,1.09,1.09,1.09,1.09,1.09,1.09,1.09,1.09
2024-05-29,1.09,1.09,1.09,1.09,1.09,1.09,1.09,1.09,1.09,1.09,1.09,1.09,1.09,1.09,1.09,1.09,1.09,1.09,1.09,1.09,1.09,1.09,1.09,1.09,1.09,1.09,1.09,1.09,1.09,1.09,1.09,1.09,1.09,1.09,1.09,1.09,1.09,1.09,1.09,1.09,1.09,1.09,1.09,1.09,1.09,1.09,1.09,1.09,1.09,1.09,1.09
2024-05-30,1.09,1.09,1.09,1.09,1.09,1.09,1.09,1.09,1.09,1.09,1.09,1.09,1.09,1.09,1.09,1.09,1.09,1.09,1.09,1.09,1.09,1.09,1.09,1.09,1.09,1.09,1.09,1.09,1.09,1.09,1.09,1.09,1.09,1.09,1.09,1.09,1.09,1.09,1.09,1.09,1.09,1.09,1.09,1.09,1.09,1.09,1.09,1.09,1.09,1.09,1.09
2024-05-31,1.09,1.09,1.09,1.09,1.09,1.09,1.09,1.09,1.09,1.09,1.09,1.09,1.09,1.09,1.09,1.09,1.09,1.09,1.09,1.09,1.09,1.09,1.09,1.09,1.09,1.09,1.09,1.09,1.09,1.09,1.09,1.09,1.09,1.09,1.09,1.09,1.09,1.09,1.09,1.09,1.09,1.09,1.09,1.09,1.09,1.09,1.09,1.09,1.09,1.09,1.09
2024-06-01,0.29,0.29,0.29,0.29,0.29,0.29,0.29,0.29,0.29,0.29,0.29,0.29,0.29,0.29,0.29,0.29,0.29,0.29,0.29,0.29,0.29,0.29,0.29,0.29,0.29,0.29,0.29,0.29,0.29,0.29,0.29,0.29,0.29,0.29,0.29,0.29,0.29,0.29,0.29,0.29,0.29,0.29,0.29,0.29,0.29,0.29,0.29,0.29,0.29,0.29,0.29
2024-06-02,0.29,0.29,0.29,0.29,0.29,0.29,0.29,0.29,0.29,0.29,0.29,0.29,0.29,0.29,0.29,0.29,0.29,0.29,0.29,-2.90126757203383,0.29,0.29,0.29,0.29,0.29,0.29,0.29,0.29,0.29,0.29,0.29,0.29,0.29,0.29,0.29,0.29,0.29,0.29,0.29,0.29,0.29,0.29,0.29,0.29,0.29,0.29,0.29,0.29,0.29,0.29,0.29
2024-06-03,0.29,0.29,0.29,0.29,0.29,0.29,0.29,0.29,0.29,0.29,0.29,0.29,0.29,0.29,-2.67578797062232,0.29,0.29,0.29,0.29,-2.92254352635597,0.29,0.29,0.29,0.29,0.29,0.29,0.29,0.29,0.29,0.29,0.29,0.29,0.29,0.29,0.29,0.29,0.29,0.29,0.29,0.29,0.29,0.29,0.29,0.29,0.29,0.29,0.29,0.29,0.29,0.29,0.29
2024-06-04,0.29,0.29,0.29,0.29,0.29,0.29,0.29,0.29,0.29,0.29,0.29,0.29,0.29,0.29,-2.70696419622591,0.29,0.29,0.29,0.29,-2.94294731163444,0.29,0.29,0.29,0.29,0.29,0.29,0.29,0.29,0.29,0.29,0.29,0.29,0.29,0.29,0.29,0.29,0.29,0.29,0.29,0.29,0.29,0.29,0.29,0.29,0.29,0.29,0.29,0.29,0.29,0.29,0.29
2024-06-05,0.29,0.29,0.29,0.29,0.29,0.29,0.29,0.29,0.29,0.29,0.29,0.29,0.29,0.29,-2.73456717389487,0.29,0.29,0.29,0.29,-2.95530873752196,0.29,0.29,0.29,0.29,0.29,0.29,0.29,0.29,0.29,0.29,0.29,0.29,0.29,0.29,0.29,0.29,0.29,0.29,0.29,0.29,0.29,0.29,0.29,0.29,0.29,0.29,0.29,0.29,0.29,0.29,0.29
2024-06-06,0.29,0.29,0.29,0.29,0.29,0.29,0.29,0.29,0.29,0.29,0.29,0.29,0.29,0.29,-2.7532876703404,0.29,0.29,0.29,0.29,-2.94077446866017,0.29,0.29,0.29,0.29,0.29,0.29,0.29,0.29,0.29,0.29,0.29,0.29,0.29,0.29,0.29,0.29,0.29,0.29,0.29,0.29,0.29,0.29,0.29,0.29,0.29,0.29,0.29,0.29,0.29,0.29,0.29
2024-06-07,0.29,0.29,0.29,0.29,0.29,0.29,0.29,0.29,0.29,0.29,0.29,0.29,0.29,0.29,-2.77591424991733,0.29,0.29,0.29,0.29,-2.94294258671215,0.29,0.29,0.29,0.29,0.29,0.29,0.29,0.29,0.29,0.29,0.29,0.29,0.29,0.29,0.29,0.29,0.29,0.29,0.29,0.29,0.29,0.29,0.29,0.29,0.29,0.29,0.29,0.29,0.29,0.29,0.29
2024-06-08,0.29,0.29,0.29,0.29,-1.32935865102404,0.29,0.29,0.29,0.29,0.29,0.29,0.29,0.29,0.29,-2.80246054668371,0.29,0.29,0.29,0.29,-2.96047602733058,0.29,0.29,0.29,0.29,0.29,0.29,0.29,0.29,0.29,0.29,0.29,0.29,0.29,0.29,0.29,0.29,0.29,0.29,0.29,0.29,0.29,0.29,0.29,0.29,0.29,0.29,0.29,0.29,0.29,0.29,0.29
2024-06-09,0.29,0.29,0.29,0.29,-1.44166456538297,0.29,0.29,0.29,0.29,0.29,0.29,0.29,0.29,0.29,-2.827874039187,0.29,0.29,-1.66830171964923,0.29,-2.90386361235805,0.29,0.29,0.29,0.29,0.29,0.29,0.29,0.29,0.29,0.29,0.29,0.29,0.29,0.29,0.29,0.29,0.29,0.29,0.29,0.29,0.29,0.29,0.29,0.29,0.29,0.29,0.29,0.29,0.29,0.29,0.29
2024-06-10,0.29,0.29,-2.42347206510575,0.29,-1.53992870446066,0.29,0.29,0.29,0.29,0.29,0.29,0.29,0.29,0.29,-2.85222369835511,0.29,0.29,-1.75764792455498,0.29,-2.00478732140523,0.29,0.29,0.29,0.29,0.29,0.29,0.29,0.29,0.29,0.29,0.29,0.29,0.29,0.29,0.29,0.29,0.29,0.29,0.29,0.29,0.29,0.29,0.29,0.29,0.29,0.29,0.29,0.29,0.29,0.29,0.29
2024-06-11,0.29,0.29,-2.46548299352773,0.29,-1.61044599849489,0.29,0.29,0.29,0.29,0.29,0.29,0.29,0.29,0.29,-2.87556026665674,0.29,0.29,-1.84079532251424,0.29,-1.15259474297439,0.29,0.29,0.29,0.29,0.29,0.29,0.29,0.29,0.29,0.29,0.29,0.29,0.29,0.29,0.29,0.29,0.29,0.29,0.29,0.29,0.29,0.29,0.29,0.29,0.29,0.29,0.29,0.29,0.29,0.29,0.29
2024-06-12,0.29,0.29,-2.48933480994185,0.29,-1.68861034484609,0.29,0.29,0.29,0.29,0.29,0.29,0.29,0.29,0.29,-2.8979288485058,0.29,0.29,-1.91845704886979,0.29,-1.77132648293247,0.29,0.29,0.29,0.29,0.29,0.29,0.29,0.29,0.29,0.29,0.29,0.29,0.29,0.29,0.29,0.29,0.29,0.29,0.29,0.29,0.29,0.29,0.29,0.29,0.29,0.29,0.29,0.29,0.29,0.29,0.29
2024-06-13,0.29,0.29,-2.43679737925485,0.29,-1.77417193297713,0.29,0.29,0.29,0.29,0.29,0.29,0.29,0.29,0.29,-2.91937411039364,0.29,0.29,-1.97450000154659,0.29,-1.87094232772385,0.29,0.29,0.29,0.29,0.29,0.29,0.29,0.29,0.29,0.29,0.29,0.29,0.29,0.29,0.29,0.29,0.29,0.29,0.29,0.29,0.29,0.29,0.29,0.29,0.29,0.29,0.29,0.29,0.29,0.29,0.29
2024-06-14,0.29,0.29,-2.3580995234798,0.29,-1.85389271627718,0.29,0.29,0.29,0.29,0.29,0.29,0.29,0.29,0.29,-2.93994489791472,0.29,0.29,-1.9665799038357,0.29,-1.87749366811161,0.29,0.29,0.29,0.29,0.29,0.29,0.29,0.29,0.29,0.29,0.29,0.29,0.29,0.29,0.29,0.29,0.29,0.29,0.29,0.29,0.29,0.29,0.29,0.29,0.29,0.29,0.29,0.29,0.29,0.29,0.29
2024-06-15,0.29,0.29,-2.3353996460395,0.29,-1.92853334021491,0.29,0.29,0.29,0.29,0.29,0.29,0.29,0.29,0.29,-2.95968633383198,0.29,0.29,-1.99636487275237,0.29,-1.95007005720936,0.29,0.29,0.29,0.29,0.29,0.29,0.29,0.29,0.29,0.29,0.29,0.29,0.29,0.29,0.29,0.29,0.29,0.29,0.29,0.29,0.29,0.29,0.29,0.29,0.29,0.29,0.29,0.29,0.29,0.29,0.29
2024-06-16,0.29,0.29,-2.24572945718186,0.29,-1.98910089470518,0.29,0.29,0.29,0.29,0.29,0.29,0.29,0.29,0.29,-2.97864610188326,0.29,0.29,-2.06372399513268,0.29,-2.01534952055723,0.29,0.29,0.29,0.29,0.29,0.29,0.29,0.29,0.29,0.29,0.29,0.29,0.29,0.29,0.29,0.29,0.29,0.29,0.29,0.29,0.29,0.29,0.29,0.29,0.29,0.29,0.29,0.29,0.29,0.29,0.29
2024-06-17,0.29,0.29,-2.13259779657012,0.29,-2.01219263567265,0.29,0.29,0.29,0.29,0.29,0.29,0.29,0.29,0.29,-2.99686865434228,0.29,0.29,-2.11634224577875,0.29,-2.07904441989152,0.29,0.29,0.29,0.29,0.29,0.29,0.29,0.29,0.29,0.29,0.29,0.29,0.29,0.29,0.29,0.29,0.29,0.29,0.29,0.29,0.29,0.29,0.29,0.29,0.29,0.29,0.29,0.29,0.29,0.29,0.29
2024-06-18,0.29,0.29,-2.00664322273368,0.29,-2.05499874835326,0.29,0.29,0.29,0.29,0.29,0.29,0.29,0.29,0.29,-3.01438850114444,0.29,0.29,-2.12762771272975,0.29,-2.14157672470702,0.29,0.29,0.29,0.29,0.29,0.29,0.29,0.29,0.29,0.29,0.29,0.29,0.29,0.29,0.29,0.29,0.29,0.29,0.29,0.29,0.29,0.29,0.29,0.29,0.29,0.29,0.29,0.29,0.29,0.29,0.29
2024-06-19,0.29,0.29,-1.95499873590784,0.29,-2.11719871501435,0.29,0.29,0.29,0.29,0.29,0.29,0.29,0.29,-1.89043597737725,-3.03122771478118,0.29,0.29,-2.16211736534729,0.29,-2.19824781889145,0.29,0.29,0.29,0.29,0.29,0.29,0.29,0.29,0.29,0.29,0.29,0.29,0.29,0.29,0.29,0.29,0.29,0.29,0.29,0.29,0.29,0.29,0.29,0.29,0.29,0.29,0.29,0.29,0.29,0.29,0.29
2024-06-20,0.29,0.29,-1.99123456847262,0.29,-2.17587524569212,0.29,0.29,0.29,0.29,0.29,0.29,0.29,0.29,-1.96428049214325,-3.04742862008097,0.29,0.29,-2.21954104726198,0.29,-2.24351748662234,0.29,0.29,0.29,0.29,0.29,0.29,0.29,0.29,0.29,0.29,0.29,0.29,0.29,0.29,0.29,0.29,0.29,0.29,0.29,0.29,0.29,0.29,0.29,0.29,0.29,0.29,0.29,0.29,0.29,0.29,0.29
2024-06-21,0.29,0.29,-1.93821695440783,0.29,-2.23113924010571,0.29,0.29,0.29,0.29,0.29,0.29,0.29,0.29,-2.03370168718352,-3.06302868982949,0.29,0.29,-2.27386325920925,0.29,-2.2912818954012,0.29,0.29,0.29,0.29,0.29,0.29,0.29,0.29,0.29,0.29,0.29,0.29,0.29,0.29,0.29,0.29,0.29,0.29,0.29,0.29,0.29,0.29,0.29,0.29,0.29,0.29,0.29,0.29,0.29,0.29,0.29
2024-06-22,0.29,0.29,-1.52320308687818,0.29,-2.27623481204049,0.29,0.29,0.29,0.29,0.29,0.29,0.29,0.29,-2.05212081169235,-3.07805493454729,0.29,0.29,-2.32525908611262,0.29,-2.34168532666165,0.29,0.29,0.29,0.29,0.29,0.29,0.29,0.29,0.29,0.29,0.29,0.29,0.29,0.29,0.29,0.29,0.29,0.29,0.29,0.29,0.29,0.29,0.29,0.29,0.29,0.29,0.29,0.29,0.29,0.29,0.29
2024-06-23,0.29,0.29,-0.64795643634494,0.29,-2.29338084329885,0.29,0.29,0.29,0.29,0.29,0.29,0.29,0.29,-1.89150577326418,-3.0925352090244,0.29,0.29,-2.37392601240364,0.29,-2.38950142624006,0.29,0.29,0.29,0.29,0.29,0.29,0.29,0.29,0.29,0.29,0.29,0.29,0.29,0.29,0.29,0.29,0.29,0.29,0.29,0.29,0.29,0.29,0.29,0.29,0.29,0.29,0.29,0.29,0.29,0.29,0.29
2024-06-24,0.29,0.29,-0.52080377048965,0.29,-2.32562825820258,0.29,0.29,0.29,0.29,0.29,0.29,0.29,0.29,-1.84455154538291,-3.10649637911173,0.29,0.29,-2.41998283870378,0.29,-2.43489489877525,0.29,0.29,0.29,0.29,0.29,0.29,0.29,0.29,0.29,0.29,0.29,0.29,0.29,0.29,0.29,0.29,0.29,0.29,0.29,0.29,0.29,0.29,0.29,0.29,0.29,0.29,0.29,0.29,0.29,0.29,0.29
2024-06-25,0.29,0.29,-0.47332524950339,0.29,-2.37287896814075,0.29,0.29,0.29,0.29,0.29,0.29,0.29,0.29,-1.92200206739836,-3.11996298216449,0.29,0.29,-2.46362188278122,0.29,-2.47798549332513,0.29,0.29,0.29,0.29,0.29,0.29,0.29,0.29,0.29,0.29,0.29,0.29,0.29,0.29,0.29,0.29,0.29,0.29,0.29,0.29,0.29,0.29,0.29,0.29,0.29,0.29,0.29,0.29,0.29,0.29,0.29
2024-06-26,0.29,0.29,-0.63032766174498,0.29,-2.4178644997584,0.29,0.29,0.29,0.29,0.29,0.29,0.29,0.29,-1.97244379853398,-3.13295762193237,0.29,0.29,-2.49255444499947,0.29,-2.5189319416713,0.29,0.29,0.29,0.29,0.29,0.29,0.29,0.29,0.29,0.29,0.29,0.29,0.29,0.29,0.29,0.29,0.29,0.29,0.29,0.29,0.29,0.29,0.29,0.29,0.29,0.29,0.29,0.29,0.29,0.29,0.29
2024-06-27,0.29,0.29,-0.70899638266794,0.29,-2.46071929975344,0.29,0.29,0.29,0.29,0.29,0.29,0.29,0.29,-1.93881484834234,-3.14550104064786,0.29,0.29,-2.46088005784027,0.29,-2.55041574398428,0.29,0.29,0.29,0.29,0.29,0.29,0.29,0.29,0.29,0.29,0.29,0.29,0.29,0.29,0.29,0.29,0.29,0.29,0.29,0.29,0.29,0.29,0.29,0.29,0.29,0.29,0.29,0.29,0.29,0.29,0.29
2024-06-28,0.29,0.29,-0.67983752805443,0.29,-2.50154176824283,0.29,0.29,0.29,0.29,0.29,0.29,0.29,0.29,-1.95680480338403,-3.15761383929309,0.29,0.29,-2.40778939633874,0.29,-2.54256981852745,0.29,0.29,0.29,0.29,0.29,0.29,0.29,0.29,0.29,0.29,0.29,0.29,0.29,0.29,0.29,0.29,0.29,0.29,0.29,0.29,0.29,0.29,0.29,0.29,0.29,0.29,0.29,0.29,0.29,0.29,0.29
2024-06-29,0.29,0.29,-0.66397101068773,0.29,-2.5403930755057,0.29,0.29,0.29,0.29,0.29,0.29,0.29,0.29,-2.02676259797646,-3.16931538827832,0.29,0.29,-2.41879246361285,0.29,-2.51138599249035,0.29,0.29,0.29,0.29,0.29,0.29,0.29,0.29,0.29,0.29,0.29,0.29,0.29,0.29,0.29,0.29,0.29,0.29,0.29,0.29,0.29,0.29,0.29,0.29,0.29,0.29,0.29,0.29,0.29,0.29,0.29
2024-06-30,0.29,0.29,-0.30638979459866,0.29,-2.57740311611662,0.29,0.29,0.29,0.29,0.29,0.29,0.29,0.29,-2.0908952613564,-3.18062154938026,0.29,0.29,-2.46257956443833,0.29,-2.52420941235648,0.29,0.29,0.29,0.29,0.29,0.29,0.29,0.29,0.29,0.29,0.29,0.29,0.29,0.29,0.29,0.29,0.29,0.29,0.29,0.29,0.29,0.29,0.29,0.29,0.29,0.29,0.29,0.29,0.29,0.29,0.29
2024-07-01,0.22,0.22,0.22,0.22,-2.68270779131444,0.22,0.22,0.22,0.22,0.22,0.22,0.22,0.22,-2.21565959082954,-3.26155142422883,0.22,0.22,-2.57418710136641,0.22,-2.63281675001807,0.22,0.22,0.22,0.22,0.22,0.22,0.22,0.22,0.22,0.22,0.22,0.22,0.22,0.22,0.22,0.22,0.22,0.22,0.22,0.22,0.22,0.22,0.22,0.22,0.22,0.22,0.22,0.22,0.22,0.22,0.22
2024-07-02,0.22,0.22,0.02358451571315,0.22,-2.71640510930975,0.22,0.22,0.22,0.22,0.22,0.22,0.22,0.22,-2.2707088139151,-3.27212291801952,0.22,0.22,-2.61372479454675,0.22,-2.66956457569106,0.22,0.22,0.22,0.22,0.22,0.22,0.22,0.22,0.22,0.22,0.22,0.22,0.22,0.22,0.22,0.22,0.22,0.22,0.22,0.22,0.22,0.22,0.22,0.22,0.22,0.22,0.22,0.22,0.22,0.22,0.22
2024-07-03,0.22,0.22,-0.20554849087264,0.22,-2.74857801679435,0.22,0.22,0.22,0.22,0.22,0.22,0.22,0.22,-2.32628252148967,-3.28235208576513,0.22,0.22,-2.65133057916113,0.22,-2.70456869539103,0.22,0.22,0.22,0.22,0.22,0.22,0.22,0.22,0.22,0.22,0.22,0.22,0.22,0.22,0.22,0.22,0.22,0.22,0.22,0.22,0.22,0.22,0.22,0.22,0.22,0.22,0.22,0.22,0.22,0.22,0.22
2024-07-04,0.22,0.22,-0.41352188894349,0.22,-2.77931806373481,0.22,0.22,0.22,0.22,0.22,0.22,0.22,0.22,-2.37880847870167,-3.29225426404552,0.22,0.22,-2.68713778835234,0.22,-2.73792383275966,0.22,0.22,0.22,0.22,0.22,0.22,0.22,0.22,0.22,0.22,0.22,0.22,0.22,0.22,0.22,0.22,0.22,0.22,0.22,0.22,0.22,0.22,0.22,0.22,0.22,0.22,0.22,0.22,0.22,0.22,0.22
2024-07-05,0.22,0.22,-0.60293917319242,0.22,-2.80870226195614,0.22,0.22,0.22,0.22,0.22,0.22,0.22,0.22,-2.42831989075944,-3.3018433386252,0.22,0.22,-2.72124506620729,0.22,-2.76968480287407,0.22,0.22,0.22,0.22,0.22,0.22,0.22,0.22,0.22,0.22,0.22,0.22,0.22,0.22,0.22,0.22,0.22,0.22,0.22,0.22,0.22,0.22,0.22,0.22,0.22,0.22,0.22,0.22,0.22,0.22,0.22
2024-07-06,0.22,0.22,-0.77565703416451,0.22,-2.83679407848989,0.22,0.22,0.22,0.22,0.22,0.22,0.22,0.22,-2.47515392345087,-3.31113181068716,0.22,0.22,-2.74902659619739,0.22,-2.79994697834545,0.22,0.22,0.22,0.22,0.22,0.22,0.22,0.22,0.22,0.22,0.22,0.22,0.22,0.22,0.22,0.22,0.22,0.22,0.22,0.22,0.22,0.22,0.22,0.22,0.22,0.22,0.22,0.22,0.22,0.22,0.22
2024-07-07,0.22,0.22,-0.93364629765467,0.22,-2.8636536709742,0.22,0.22,0.22,0.22,0.22,0.22,0.22,0.22,-2.51961955604748,-3.32013240196488,0.22,0.22,-2.75856008308487,0.22,-2.82877269396682,0.22,0.22,0.22,0.22,0.22,0.22,0.22,0.22,0.22,0.22,0.22,0.22,0.22,0.22,0.22,0.22,0.22,0.22,-2.1230941511939,0.22,0.22,0.22,0.22,0.22,0.22,0.22,0.22,0.22,0.22,0.22,0.22
2024-07-08,0.22,0.22,-1.07852070151293,0.22,-2.88931608985697,0.22,0.22,0.22,0.22,0.22,0.22,0.22,0.22,-2.56187525860541,-3.32885768875593,0.22,0.22,-2.77817884339499,0.22,-2.85626849852179,0.22,0.22,0.22,0.22,0.22,0.22,0.22,0.22,0.22,0.22,0.22,0.22,0.22,0.22,0.22,0.22,0.22,0.22,-2.18527909085196,0.22,0.22,0.22,0.22,0.22,0.22,0.22,0.22,0.22,0.22,0.22,0.22
2024-07-09,0.22,0.22,-1.21149688585408,0.22,-2.9138249331081,0.22,0.22,0.22,0.22,0.22,0.22,0.22,0.22,-2.60205189732229,-3.33731912826254,0.22,0.22,-2.80789014892736,0.22,-2.88254459529684,0.22,0.22,0.22,0.22,0.22,0.22,0.22,0.22,0.22,0.22,0.22,0.22,0.22,0.22,0.22,0.22,0.22,0.22,-2.24401318990349,0.22,0.22,0.22,0.22,0.22,0.22,0.22,0.22,0.22,0.22,0.22,0.22
2024-07-10,0.22,0.22,-1.32059943414535,0.22,-2.93727704665634,0.22,0.22,0.22,0.22,0.22,0.22,0.22,0.22,-2.64028200279816,-3.34435233998706,0.22,0.22,-2.83621120062978,0.22,-2.90765382713294,0.22,0.22,0.22,0.22,0.22,0.22,0.22,0.22,0.22,0.22,0.22,0.22,0.22,0.22,0.22,0.22,0.22,0.22,-2.29959836943111,0.22,0.22,0.22,0.22,0.22,0.22,0.22,0.22,0.22,0.22,0.22,0.22
2024-07-11,0.22,0.22,-1.37435215130888,0.22,-2.95976387511585,0.22,0.22,0.22,0.22,0.22,0.22,0.22,0.22,-2.67668672412402,-3.34692624708472,0.22,0.22,-2.86321203717826,0.22,-2.93166254710981,0.22,0.22,0.22,0.22,0.22,0.22,0.22,0.22,0.22,0.22,0.22,0.22,0.22,0.22,0.22,0.22,0.22,0.22,-2.35224265624976,0.22,0.22,0.22,0.22,0.22,0.22,0.22,0.22,0.22,0.22,0.22,0.22
2024-07-12,0.22,0.22,-1.45380757420401,0.22,-2.98134417854952,0.22,0.22,0.22,0.22,0.22,0.22,0.22,0.22,-2.71136895393677,-3.35206901462208,0.22,0.22,-2.88902015569447,0.22,-2.95464944657558,0.22,0.22,0.22,0.22,0.22,0.22,0.22,0.22,0.22,0.22,0.22,0.22,0.22,0.22,0.22,0.22,0.22,0.22,-2.40214293326228,0.22,0.22,0.22,0.22,0.22,0.22,0.22,0.22,0.22,0.22,0.22,0.22
2024-07-13,0.22,0.22,-1.55822714962773,0.22,-3.00206580036192,0.22,0.22,0.22,0.22,0.22,0.22,-2.75656409698782,0.22,-2.74442688006771,-3.35983577594847,0.22,0.22,-2.91372817915859,0.22,-2.97667390363968,0.22,0.22,0.22,0.22,0.22,0.22,0.22,0.22,0.22,0.22,0.22,0.22,0.22,0.22,0.22,0.22,0.22,0.22,-2.44941156466361,0.22,0.22,0.22,0.22,0.22,0.22,0.22,0.22,0.22,0.22,0.22,0.22
2024-07-14,0.22,0.22,-1.65574188942768,0.22,-3.02197181169931,0.22,0.22,0.22,-3.2022673414392,0.22,0.22,-2.78794742894774,0.22,-2.77594613763344,-3.36737740290413,0.22,0.22,-2.9374024696572,0.22,-2.99777533708485,0.22,0.22,0.22,0.22,0.22,0.22,0.22,0.22,0.22,0.22,0.22,0.22,0.22,0.22,0.22,0.22,0.22,0.22,-2.49426342573558,0.22,0.22,0.22,0.22,0.22,0.22,0.22,0.22,0.22,0.22,0.22,0.22
2024-07-15,0.22,0.22,-1.74658297508016,0.22,-3.04110023718927,0.22,0.22,0.22,-3.1902031388067,0.22,0.22,-2.81782589266603,0.22,-2.80598831474856,-3.37470303099305,0.22,0.22,-2.96009653603554,0.22,-3.01799672265622,0.22,0.22,0.22,0.22,0.22,0.22,0.22,0.22,0.22,0.22,0.22,0.22,0.22,0.22,0.22,0.22,0.22,0.22,-2.53688967343458,0.22,0.22,0.22,0.22,0.22,0.22,0.22,0.22,0.22,0.22,0.22,0.22
2024-07-16,0.22,0.22,-1.83123031593853,0.22,-3.05948925472675,0.22,0.22,0.22,-3.1889489164156,0.22,0.22,-2.84628584729183,0.22,-2.83463441142002,-3.38182109692935,0.22,0.22,-2.98183876968689,0.22,-3.03738659149937,0.22,0.22,0.22,0.22,0.22,0.22,0.22,0.22,0.22,0.22,0.22,0.22,0.22,0.22,0.22,0.22,0.22,0.22,-2.57743707240072,0.22,-2.13064097759986,0.22,0.22,0.22,0.22,0.22,0.22,0.22,0.22,0.22,0.22
2024-07-17,0.22,0.22,-1.9104558245169,0.22,-3.07717682014664,0.22,0.22,0.22,-3.18561026123217,0.22,0.22,-2.87341897853777,0.22,-2.86199105015772,-3.38873894103387,0.22,0.22,-3.00269074220731,0.22,-3.0559916854013,0.22,0.22,0.22,0.22,0.22,0.22,0.22,0.22,0.22,0.22,0.22,0.22,0.22,0.22,0.22,0.22,0.22,0.22,-2.61604273355877,0.22,-2.19239106745961,0.22,0.22,0.22,0.22,0.22,0.22,0.22,0.22,0.22,0.22
2024-07-18,0.22,0.22,-1.98496493714623,0.22,-3.09419867203793,0.22,0.22,0.22,-3.148393361952,0.22,0.22,-2.89931500447312,0.22,-2.88814509120277,-3.39546433620299,-1.58540523232871,0.22,-3.02271192902657,0.22,-3.07386164480659,0.22,0.22,0.22,0.22,0.22,0.22,0.22,0.22,0.22,0.22,0.22,0.22,0.22,0.22,0.22,0.22,0.22,0.22,-2.65281427823166,0.22,-2.25064797347134,0.22,0.22,0.22,0.22,0.22,0.22,0.22,0.22,0.22,0.22
2024-07-19,0.22,0.22,-2.05528782676007,0.22,-3.11058838380478,0.22,0.22,0.22,-3.13784089623076,0.22,0.22,-2.92405210756716,0.22,-2.91316442580412,-3.40200492174459,-1.68662849609815,0.22,-3.04194522472855,0.22,-3.09103834815547,0.22,0.22,0.22,0.22,0.22,0.22,0.22,0.22,0.22,0.22,0.22,0.22,0.22,0.22,0.22,0.22,0.22,0.22,-2.68783255551741,0.22,-2.30568917846658,0.22,0.22,0.22,0.22,0.22,0.22,0.22,0.22,0.22,0.22
2024-07-20,0.22,0.22,-2.12176327342287,0.22,-3.12637573884527,0.22,0.22,0.22,-3.15253627328972,0.22,0.22,-2.94770032456815,0.22,-2.93711261198811,-3.40836785162827,-1.73503218537716,0.22,-3.06042561985044,0.22,-3.10756374220714,0.22,0.22,0.22,0.22,0.22,0.22,0.22,0.22,0.22,0.22,0.22,0.22,0.22,0.22,0.22,0.22,0.22,0.22,-2.72118625548587,0.22,-2.35780485550089,0.22,0.22,0.22,0.22,0.22,0.22,0.22,0.22,0.22,0.22
2024-07-21,0.22,0.22,-2.18456942096222,0.22,-3.14158559840055,0.22,0.22,0.22,-3.16671890071109,0.22,0.22,-2.97032101317793,0.22,-2.96004588774229,-3.41455974366217,-1.60950296557314,0.22,-3.07816860587623,0.22,-3.12347545757762,0.22,0.22,0.22,0.22,0.22,0.22,0.22,0.22,0.22,0.22,0.22,0.22,0.22,0.22,0.22,0.22,0.22,0.22,-2.75294392610855,0.22,-2.40719677786334,0.22,0.22,0.22,0.22,0.22,0.22,0.22,0.22,0.22,0.22
2024-07-22,0.22,0.22,-2.24386765172326,-3.2960168411766,-3.15624483342309,0.22,0.22,0.22,-3.18041307606542,0.22,0.22,-2.98769822206755,0.22,-2.98201512882595,-3.42058670457235,-1.59478422672108,0.22,-3.0920916256164,0.22,-3.13880018311269,0.22,0.22,0.22,0.22,0.22,0.22,0.22,0.22,0.22,0.22,0.22,0.22,0.22,0.22,0.22,0.22,0.22,0.22,-2.78321488723025,0.22,-2.45404497362297,0.22,0.22,0.22,0.22,0.22,0.22,0.22,0.22,0.22,0.22
2024-07-23,0.22,0.22,-2.29982315291176,-3.29678159201621,-3.17038067255913,0.22,0.22,-3.00861235151206,-3.19363994558853,0.22,0.22,-2.98888262486326,0.22,-3.0030699793508,-3.4264545979409,-1.69562659495606,0.22,-3.09421532643206,0.22,-3.15355913202589,0.22,0.22,0.22,0.22,0.22,0.22,0.22,0.22,0.22,0.22,0.22,0.22,0.22,0.22,0.22,0.22,0.22,0.22,-2.81213358905537,0.22,-2.49853005892579,0.22,0.22,0.22,0.22,0.22,0.22,0.22,0.22,0.22,0.22
2024-07-24,0.22,0.22,-2.35256730004585,-3.30173571504628,-3.18401803698846,0.22,0.22,-3.02271743016216,-3.20641764634353,0.22,0.22,-2.99960329988364,0.22,-3.02325683288266,-3.43216921186157,-1.78941811529559,0.22,-3.10324545369929,0.22,-3.16778442163328,0.22,0.22,0.22,0.22,0.22,0.22,0.22,0.22,0.22,0.22,0.22,0.22,0.22,0.22,0.22,0.22,0.22,0.22,-2.83979366998021,0.22,-2.54081474383713,0.22,0.22,0.22,0.22,0.22,3.4817736632916,0.22,0.22,0.22,0.22
2024-07-25,0.22,0.22,-2.40228361930718,-3.31097959387028,-3.19718037251277,0.22,0.22,-3.03900673417241,-3.21876411025983,0.22,0.22,-3.0199657053502,0.22,-3.04262545236364,-3.43773612428676,-1.87665606197617,0.22,-3.11928556059343,0.22,-3.1815062278902,0.22,0.22,0.22,0.22,0.22,0.22,0.22,0.22,0.22,0.22,0.22,0.22,0.22,0.22,0.22,0.22,0.22,0.22,-2.86625909704189,0.22,-2.58103063076291,0.22,0.22,0.22,0.22,0.22,3.84852007676422,0.22,0.22,0.22,0.22
2024-07-26,0.22,0.22,-2.44932279247059,-3.31994029273632,-3.20988816971019,0.22,0.22,-3.05750075091935,-3.23069712668514,0.22,0.22,-3.0394879232976,0.22,-3.06121982474023,-3.44316054221543,-1.95797283469553,0.22,-3.13473326699649,0.22,-3.19474584272639,-3.40081821958392,0.22,0.22,0.22,0.22,0.22,0.22,0.22,0.22,0.22,0.22,0.22,0.22,0.22,0.22,0.22,0.22,0.22,-2.89160012310036,0.22,-2.61931252351617,0.22,0.22,0.22,0.22,0.22,5.72801500459901,0.22,0.22,0.22,0.22
2024-07-27,0.22,0.22,-2.49393619834517,-3.32863117066674,-3.22216055946197,0.22,0.22,-3.0752705529075,-3.2422345060802,0.22,0.22,-3.03938960539222,0.22,-3.07907661101964,-3.4484473151744,-2.03404925805861,0.22,-3.14961944136296,0.22,-3.20752739687506,-3.4072215043393,0.22,0.22,0.22,0.22,0.22,0.22,0.22,0.22,0.22,0.22,0.22,0.22,0.22,0.22,0.22,0.22,0.22,-2.91586753597959,0.22,-2.65578630808203,0.22,0.22,0.22,0.22,0.22,9.1043509793462,0.22,0.22,0.22,0.22
2024-07-28,0.22,0.22,-2.53628361378278,-3.33706379047605,-3.23401555018076,0.22,0.22,-3.09234785651448,-3.25339346827549,0.22,0.22,-2.96424601663835,0.22,-3.09623246828237,-3.45360127141904,-2.10540067406976,0.22,-3.16397498302899,0.22,-3.21987193085761,-3.413451262753,0.22,0.22,0.22,0.22,0.22,0.22,0.22,0.22,0.22,0.22,0.22,0.22,0.22,0.22,0.22,0.22,0.22,-2.93911235207278,0.22,-2.69057618175089,0.22,0.22,0.22,0.22,0.22,15.2573394341335,0.22,0.22,0.22,0.22
2024-07-29,0.22,0.22,-2.57657041466524,-3.34524791655522,-3.24547300519574,0.22,0.22,-3.10878007571277,-3.26419006931587,0.22,0.22,-2.92286436266923,0.22,-3.11272481908267,-3.45862706543843,-2.17243226014233,0.22,-3.17782604624601,0.22,-3.23179378568113,-3.41951397988459,0.22,0.22,0.22,0.22,0.22,0.22,0.22,0.22,0.22,0.22,0.22,0.22,0.22,0.22,0.22,0.22,0.22,-2.9614099289542,0.22,-2.72377990447042,0.22,0.22,0.22,0.22,0.22,25.2595545923317,0.22,0.22,0.22,0.22
2024-07-30,0.22,0.22,-2.61493987286131,-3.35319321061125,-3.25655223974551,0.22,0.22,-3.12460878827764,-3.27463948541764,0.22,0.22,-2.93932872628024,-3.06170331314564,-3.12858867528277,-3.46352906572163,-2.23548847364715,0.22,-3.19119455001008,0.22,-3.24330964122666,-3.42541583034394,0.22,0.22,-2.91139319399086,0.22,0.22,0.22,0.22,0.22,0.22,0.22,0.22,0.22,0.22,0.22,0.22,0.22,0.22,-2.98281392063919,0.22,-2.75546684679436,0.22,0.22,0.22,0.22,0.22,41.4386820781894,0.22,0.22,0.22,0.22
2024-07-31,0.22,0.22,-2.65150741185306,-3.36090908994444,-3.26726988091855,0.22,0.22,-3.13986278055831,-3.28475634121707,0.22,0.22,-2.96204610239625,-3.07942175915847,-3.14385681570952,-3.46831142725936,-2.29486940391731,0.22,-3.20410033221378,0.22,-3.25444067276746,-3.43116267440123,0.22,0.22,-2.93552225483028,0.22,0.22,0.22,0.22,0.22,0.22,0.22,0.22,0.22,0.22,0.22,0.22,0.22,0.22,-3.00063508684238,0.22,-2.7857290733456,0.22,0.22,0.22,0.22,0.22,40.9809000836631,0.22,0.22,0.22,0.22
2024-08-01,0.44,0.44,-2.46639311910052,-3.14789849466176,-3.05764117496212,0.44,0.44,-2.93456659260497,-3.07455434892765,0.44,0.44,-2.76380514373156,-2.87646262122099,-2.93855957399307,-3.25297811791492,-2.13084103650244,0.44,-2.99656278260473,0.44,-3.04520820863833,-3.21676010869644,0.44,0.44,-2.73860668036299,0.44,0.44,0.44,0.44,0.44,0.44,0.44,0.44,0.44,0.44,0.44,0.44,0.44,0.44,-2.78792286937656,0.44,-2.5946546601074,0.44,0.44,0.44,0.44,0.44,35.8644959468724,0.44,0.44,0.44,0.44
2024-08-02,0.44,0.44,-2.49970819722272,-3.15286704430141,-3.06767991387768,0.44,0.44,-2.94874262839993,-3.08404582551787,0.44,0.44,-2.78464411143749,-2.89285900454611,-2.9527246714504,-3.25753294739543,-2.18364404089603,0.44,-3.00860321760312,0.44,-3.05562913113011,-3.22221345940314,0.44,0.44,-2.76070535247033,0.44,0.44,0.44,0.44,0.44,0.44,0.44,0.44,0.44,0.44,0.44,0.44,0.44,0.44,-2.80103804260881,0.44,-2.62231067087102,0.44,0.44,0.44,0.44,0.44,29.1866631734544,0.44,0.44,0.44,0.44
2024-08-03,0.44,0.44,-2.53152500530823,-3.15883343772775,-3.07739843754708,0.44,0.44,-2.96241401122007,-3.09171615429293,0.44,0.44,-2.80050156374057,-2.90864300190803,-2.96637796276004,-3.26197960623201,-2.23348921492573,0.44,-3.02024184740959,0.44,-3.06571867160974,-3.22752782138145,0.44,0.44,-2.78187323940127,0.44,0.44,0.44,0.44,0.44,0.44,0.44,0.44,0.44,0.44,0.44,0.44,0.44,0.44,-2.82003059262986,0.44,-2.64876929476914,0.44,0.44,0.44,0.44,0.44,22.057022555164,0.44,0.44,0.44,0.44
2024-08-04,0.44,0.44,-2.56192034587213,-3.16581908291734,-3.08681033345189,0.44,0.44,-2.97560379676991,-3.09362939749879,0.44,0.44,-2.79943737632417,-2.92384571081945,-2.97954272289237,-3.26632162790495,-2.28056639318265,0.44,-3.03149527822956,0.44,-3.0753387586697,-3.23270806828597,0.44,0.44,-2.80215950354594,0.44,0.44,0.44,0.44,0.44,0.44,0.44,0.44,0.44,0.44,0.44,0.44,0.44,0.44,-2.83830207610383,0.44,-2.67410889226521,0.44,0.44,0.44,0.44,0.44,17.4110683019745,0.44,0.44,0.44,0.44
2024-08-05,0.44,0.44,-2.5909677293565,-3.17261211928435,-3.09592802409771,0.44,0.44,-2.98833642053512,-3.09891203435274,0.44,0.44,-2.80258810893147,-2.93849274995109,-2.99223980050689,-3.27056238060933,-2.32509598958905,0.44,-3.04237697733797,0.44,-3.0841138375918,-3.23775885517142,0.44,0.44,-2.82160690885039,0.44,0.44,0.44,0.44,0.44,0.44,0.44,0.44,0.44,0.44,0.44,0.44,0.44,0.44,-2.85588886809067,0.44,-2.69838960371164,0.44,0.44,0.44,0.44,0.44,14.1636721008014,0.44,0.44,0.44,0.44
2024-08-06,0.44,0.44,-2.61302584642624,-3.179219487598,-3.10476379122173,0.44,0.44,-3.00063316365726,-3.10763972617562,0.44,0.44,-2.81849718264503,-2.95260850363461,-3.00449090912932,-3.27470508376445,-2.36725262147202,0.44,-3.05290374707852,0.44,-3.09295614906143,-3.24268463055689,0.44,0.44,-2.84026550440933,0.44,0.44,0.44,0.44,0.44,0.44,0.44,0.44,0.44,0.44,0.44,0.44,0.44,0.44,-2.87282299497643,0.44,-2.72166215565807,0.44,0.44,0.44,0.44,0.44,11.781025743122,0.44,0.44,0.44,0.44
2024-08-07,0.44,0.44,-2.6135185673143,-3.18564765425673,-3.1133312291514,0.44,0.44,-3.01251494670625,-3.11610692063206,0.44,0.44,-2.83703503073421,-2.96621921725226,-3.01632044234239,-3.27875282423304,-2.4071610175286,0.44,-3.06309273410913,-2.901903753407,-3.10187949300657,-3.24748964584097,0.44,0.44,-2.85817774206631,0.44,0.44,0.44,0.44,0.44,0.44,0.44,0.44,0.44,0.44,0.44,0.44,0.44,0.44,-2.88913236014477,0.44,-2.74397896516424,0.44,0.44,0.44,0.44,0.44,9.9612710525544,0.44,0.44,0.44,0.44
2024-08-08,0.44,0.44,-2.62676482231622,-3.19190315801065,-3.12164259516635,0.44,0.44,-3.02134724272781,-3.12432402446599,0.44,0.44,-2.85485571341343,-2.97934981182652,-3.02774942967723,-3.28270860343877,-2.44500115136559,0.44,-3.07295833972417,-2.91747468555746,-3.11053299955237,-3.25217796285695,0.44,0.44,-2.87538173083346,0.44,0.44,0.44,0.44,0.44,0.44,0.44,0.44,0.44,0.44,0.44,0.44,0.44,0.44,-2.90484215575918,0.44,-2.75614056363686,0.44,0.44,0.44,0.44,0.44,8.5194254603709,0.44,0.44,0.44,0.44
2024-08-09,0.44,0.44,-2.65290040491396,-3.1979923784979,-3.12970850088212,0.44,0.44,-3.01708596637224,-3.13230062979963,0.44,0.44,-2.87199965867678,-2.99202324541616,-3.03879542697307,-3.28657529606707,-2.4809355497275,0.44,-3.08251388330953,-2.93245963003788,-3.11892763089392,-3.25675348848817,0.44,0.44,-2.89191253061703,0.44,0.44,0.44,0.44,0.44,0.44,0.44,0.44,0.44,0.44,0.44,0.44,0.44,0.44,-2.91998288123812,0.44,-2.73376229007929,0.44,0.44,0.44,0.44,0.44,7.3438731953411,0.44,0.44,0.44,0.44
2024-08-10,0.44,0.44,-2.67791316974116,-3.20392136170968,-3.13753869284967,0.44,0.44,-3.00722777213279,-3.14004621134657,0.44,0.44,-2.88850270267387,-3.00426019642737,-3.04947591918161,-3.29035565481568,-2.515087954558,0.44,-3.09177249172451,-2.94688728778735,-3.12707351152018,-3.2612199644404,0.44,0.44,-2.90780818202539,0.44,0.44,0.44,0.44,0.44,0.44,0.44,0.44,0.44,0.44,0.44,0.44,0.44,0.44,-2.91223754844361,0.44,-2.73298991015038,0.44,0.44,0.44,0.44,0.44,6.36482869037077,0.44,0.44,0.44,0.44
2024-08-11,0.44,0.44,-2.70183450886231,-3.20969574204428,-3.14514227560641,0.44,0.44,-3.01120122352765,-3.14756986127563,0.44,0.44,-2.90439641681125,-3.01607920402263,-3.05980769273496,-3.29405232547175,-2.54756740667863,0.44,-3.10074669792304,-2.9607851055725,-3.13498074482539,-3.26558096709405,0.44,0.44,-2.92310610495025,0.44,0.44,0.44,0.44,0.44,0.44,0.44,0.44,0.44,0.44,0.44,0.44,0.44,0.44,-2.81654379201531,0.44,-2.75479717441397,0.44,0.44,0.44,0.44,0.44,5.53523685495249,0.44,0.44,0.44,0.44
2024-08-12,0.44,0.44,-2.72474631477982,-3.21532070730803,-3.15252728439473,0.44,0.44,-3.02267365176943,-3.15487995999007,0.44,-3.02983863096661,-2.91970943579692,-3.02749732509123,-3.06980583760367,-3.29766785556761,-2.57847596859351,0.44,-3.10944805947026,-2.97418003790096,-3.1426587864946,-3.26983992598138,0.44,0.44,-2.93783776856213,0.44,0.44,0.44,0.44,0.44,0.44,0.44,0.44,0.44,0.44,0.44,0.44,0.44,0.44,-2.77344032141821,0.44,-2.77572609114962,0.44,0.44,0.44,0.44,0.44,4.82226039557232,0.44,0.44,0.44,0.44
2024-08-13,0.44,0.44,-2.74674014745933,-3.22080143406468,-3.15970171246705,0.44,0.44,-3.03377374826028,-3.16198443548367,0.44,-3.04079782957251,-2.93446625275221,-3.0385339902026,-3.07908994937129,-3.30120469305325,-2.60790345768335,0.44,-3.11788750796878,-2.98709679234287,-3.15011586119884,-3.27400012966199,0.44,0.44,-2.95203063498714,0.44,0.44,0.44,0.44,0.44,0.44,0.44,0.44,0.44,0.44,0.44,0.44,0.44,0.44,-2.79348476196476,0.44,-2.79582531978116,0.44,0.44,0.44,0.44,0.44,4.20381540512932,0.44,0.44,0.44,0.44
2024-08-14,-2.8530417638777,0.44,-2.76787745741875,-3.22614309629586,-3.16667393693665,0.44,0.44,-3.04451630300618,-3.16889098100979,0.44,-3.05139547757852,-2.94869195733609,-3.04920761505198,-3.08401184853692,-3.30466519144512,-2.63594205130682,0.44,-3.12607538554013,-2.99955806308379,-3.15736006457548,-3.27791833839748,0.44,0.44,-2.96571049194571,0.44,0.44,0.44,0.44,0.44,0.44,0.44,0.44,0.44,0.44,0.44,0.44,-2.98654652558363,0.44,-2.81156461917832,0.44,-2.81513593436134,0.44,0.44,0.44,0.44,0.44,3.66360579073247,0.44,0.44,0.44,0.44
2024-08-15,-2.85375342380094,0.44,-2.78820222067061,-3.23135056094606,-3.17345221847612,0.44,0.44,-3.05491650788315,-3.17560707220923,0.44,-3.06164711605589,-2.96241097711961,-3.05953419971778,-3.07998710480071,-3.3080516180417,-2.66268658798447,0.44,-3.13402105705023,-3.01158545330742,-3.16435279287287,-3.2806438302232,0.44,0.44,-2.97890203684796,0.44,0.44,0.44,0.44,0.44,0.44,0.44,0.44,0.44,0.44,0.44,0.44,-2.99885970500339,0.44,-2.82471814583391,0.44,-2.83369696695407,0.44,0.44,0.44,0.44,0.44,3.18589702335034,0.44,0.44,0.44,0.44
2024-08-16,-2.8703749213909,0.44,-2.80775269117001,-3.23642836595384,-3.18004424383806,0.44,0.44,-3.06499003043246,-3.18213973653623,0.44,-3.07156972478875,-2.97564650561705,-3.06952804830499,-3.08297588657319,-3.3113661557112,-2.68822045050396,0.44,-3.14173406335829,-3.0231991967658,-3.170981446239,-3.28123296782978,0.44,0.44,-2.99162853134462,0.44,0.44,0.44,0.44,0.44,0.44,0.44,0.44,-2.83852780178389,0.44,0.44,0.44,-3.01075189446277,0.44,-2.83996317125875,0.44,-2.85154653440369,0.44,0.44,0.44,0.44,0.44,0.44,0.44,0.44,0.44,0.44
2024-08-17,-2.88642067973328,0.44,-2.82655981457278,-3.24138078566535,-3.18645711251506,0.44,0.44,-3.07475018976127,-3.18849563742868,0.44,-3.08117764819356,-2.9884222626278,-3.07920386089035,-3.09101872138661,-3.3146109009516,-2.71261034388267,0.44,-3.14922414204171,-3.03441862290263,-3.17753204574253,-3.28081434930051,0.44,0.44,-3.00391187222235,0.44,0.44,0.44,0.44,0.44,0.44,0.44,0.44,-2.85630291538313,0.44,0.44,0.44,-3.02224885401584,0.44,-2.85642447185096,0.44,-2.86872121175996,0.44,0.44,0.44,0.44,0.44,2.37601597643876,0.44,0.44,0.44,0.44
2024-08-18,-2.90191501683077,0.44,-2.84465301072657,-3.24621213657655,-3.19269744060034,0.44,0.44,-3.08420827075469,-3.19468125213305,0.44,-3.09048351827706,-3.00075994978179,-3.088574898642,-3.09447292920544,-3.3177878661256,-2.73591669155683,0.44,-3.15650016039078,-3.04526212834962,-3.18401287617906,-3.27703431492723,0.44,0.44,-3.01577281588274,0.44,0.44,0.44,0.44,0.44,0.44,0.44,0.44,-2.87339806667556,0.44,0.44,0.44,-3.03337095292741,0.44,-2.86901980990542,0.44,-2.88525374941772,0.44,0.44,0.44,0.44,0.44,2.03199300349253,0.44,0.44,0.44,0.44
2024-08-19,-2.91687442623829,0.44,-2.86206697791444,-3.25092657320726,-3.19877143852672,0.44,0.44,-3.09337672380177,-3.20070274827998,0.44,-3.09950012548306,-3.01267942684591,-3.09765452397954,-3.10052345004016,-3.32089899881961,-2.75820790214143,0.44,-3.16357027985656,-3.05574715885017,-3.19031843307562,-3.27743576423212,0.44,0.44,-3.02723080065283,0.44,0.44,0.44,0.44,0.44,0.44,0.44,0.44,-2.88984845205275,0.44,0.44,0.44,-3.04413227743186,0.44,-2.88314868947989,0.44,-2.90117315635448,0.44,0.44,-2.641815869802,0.44,0.44,1.72095160719684,0.44,0.44,0.44,0.44
2024-08-20,-2.93131048880798,0.44,-2.87883555265295,-3.25552794139898,-3.20468494826705,0.44,0.44,-3.10226811770691,-3.20656598196096,0.44,-3.1082405149546,-3.02419926555591,-3.10645546911642,-3.10921976363882,-3.32394617908271,-2.77954643791312,0.44,-3.17044219475399,-3.06588997096964,-3.19645463460214,-3.28141342822212,0.44,0.44,-3.03830415387785,0.44,0.44,0.44,0.44,0.44,0.44,0.44,0.44,-2.90568375768342,0.44,0.44,0.44,-3.05454478902969,0.44,-2.8988290934341,0.44,-2.91650659012114,0.44,0.44,-2.66609076210403,0.44,0.44,1.43733388985074,0.44,0.44,0.44,0.44
2024-08-21,-2.94523819627052,0.44,-2.89498931433446,-3.2600198456495,-3.21044377236793,0.44,0.44,-3.11089361708791,-3.21227652207096,0.44,-3.11671599879518,-3.03533621057059,-3.11498879947171,-3.11765455498887,-3.3269312176511,-2.79998646738715,0.44,-3.1771233740541,-3.07570564107723,-3.20242777468578,-3.28530206268289,0.44,0.44,-3.04901031881005,0.44,0.44,0.44,0.44,0.44,0.44,0.44,0.44,-2.9209336845096,0.44,0.44,0.44,-3.06462458640515,0.44,-2.91393046177189,0.44,-2.93128086254444,0.44,0.44,-2.68941372737833,0.44,0.44,1.17664587824903,0.44,0.44,0.44,0.44
2024-08-22,-2.9586785857537,0.44,-2.91055539751659,-3.26440574880594,-3.21605351218904,0.44,0.44,-3.11926292577451,-3.21783971287048,0.44,-3.12493694094183,-3.04610617064422,-3.12266626162417,-3.12583840137047,-3.32985585809725,-2.81957868178572,0.44,-3.1836212949312,-3.08520854005404,-3.20824425067253,-3.28910446169088,0.44,0.44,-3.05936552763946,0.44,0.44,0.44,0.44,0.44,0.44,0.44,0.44,-2.93562752744402,0.44,0.44,0.44,-3.07438842850814,0.44,-2.92709404941654,0.44,-2.94552108872229,0.44,0.44,-2.71183233733179,0.44,0.44,0.93589497706728,0.44,0.44,0.44,0.44
2024-08-23,-2.97165484638152,0.44,-2.92555357647658,-3.26868903045821,-3.2215194264572,0.44,0.44,-3.12738586725137,-3.22326068229953,0.44,-3.1319582803884,-3.05652550480497,-3.1278474163485,-3.13378049326757,-3.3327217776494,-2.82807390413799,0.44,-3.18994290990327,-3.09441236868885,-3.21390982392463,-3.29282329167661,0.44,0.44,-3.06938487748702,0.44,0.44,0.44,0.44,0.44,0.44,0.44,0.44,-2.9497919921263,0.44,0.44,0.44,-3.08384973266807,0.44,-2.9347327947458,0.44,-2.95925127285698,0.44,0.44,-2.73223663065278,0.44,0.44,0.71292471533108,0.44,0.44,0.44,0.44
2024-08-24,-2.9842038325934,0.44,-2.94000725964577,-3.27287298671143,-3.22684647843319,0.44,0.44,-3.1352720073126,-3.22854431678575,0.44,-3.13532166851269,-3.06661025157319,-3.13383495847803,-3.14149070335086,-3.3355305981332,-2.7980107219597,0.44,-3.19609472971123,-3.10333001344679,-3.2186984835671,-3.29646102656537,0.44,0.44,-3.07908316329172,0.44,0.44,0.44,0.44,0.44,0.44,0.44,0.44,-2.96345378150561,0.44,0.44,0.44,-3.09302080767534,0.44,-2.94523864147108,0.44,-2.97249443253803,0.44,0.44,-2.7477397624744,0.44,0.44,0.44,0.44,0.44,0.44,0.44
2024-08-25,-2.99635267685544,0.44,-2.95394764594267,-3.27315352657016,-3.23203943610559,0.44,0.44,-3.14293079538375,-3.23369534596076,0.44,-3.14073792344069,-3.07637447181246,-3.14129591177445,-3.14897892285836,-3.33828388281132,-2.79215725593439,0.44,-3.20208291019918,-3.11197353222561,-3.22005340641549,-3.30002002129536,0.44,0.44,-3.08847441806969,0.44,0.44,0.44,0.44,0.44,0.44,0.44,0.44,-2.97663517466771,0.44,0.44,0.44,-3.10191216521951,0.44,-2.9586478311769,0.44,-2.98325511638052,0.44,0.44,-2.76475989865961,0.44,0.44,0.44,0.44,0.44,0.44,0.44
2024-08-26,-3.00811436895306,0.44,-2.96740292926537,-3.25690523761641,-3.23710284728377,0.44,0.44,-3.15037101401678,-3.23871825630285,0.44,-3.14824909557323,-3.08583121590407,-3.14879339754234,-3.1562538792914,-3.34098314603906,-2.81095611056636,0.44,-3.20791346953418,-3.12035454238228,-3.22058494358211,-3.3035025499401,0.44,0.44,-3.09737980694539,0.44,0.44,0.44,0.44,0.44,0.44,0.44,0.44,-2.9888381651493,0.44,0.44,0.44,-3.11053269815968,0.44,-2.97158834916413,-2.88286695511344,-2.98634349636004,0.44,0.44,-2.75756678382524,0.44,0.44,0.44,0.44,0.44,0.44,0.44
2024-08-27,-3.01950538001231,0.44,-2.98039644409716,-3.24088316424219,-3.24204097860561,0.44,0.44,-3.15760044298423,-3.24361745305655,-3.06032701246521,-3.15554522442009,-3.09499330975711,-3.1560768865076,-3.16332376378824,-3.34362985044959,-2.82526016963463,0.44,-3.21359207900383,-3.12848408806743,-3.22427379109349,-3.30691079204412,0.44,0.44,-3.10532001882846,0.44,0.44,0.44,0.44,0.44,0.44,0.44,0.44,-2.99750922419319,0.44,0.44,0.44,-3.11889458665468,0.44,-2.98410202525712,-2.89824154644669,-2.99358925863805,0.44,0.44,-2.65142502851505,0.44,0.44,0.44,0.44,0.44,0.44,0.44
2024-08-28,-3.03054125699333,0.44,-2.99294951867757,-3.24004863107433,-3.24685816341591,0.44,0.44,-3.16462698409108,-3.24839715617289,-3.07022723366249,-3.16263457046486,-3.10387354884344,-3.16315460891071,-3.17019650658024,-3.34622540491024,-2.84132529668052,0.44,-3.21912405610048,-3.13637254399294,-3.22948272854664,-3.31024688071897,0.44,0.44,-3.11344941435349,0.44,0.44,0.44,0.44,-3.09081285317716,0.44,0.44,0.44,-3.00246373276104,0.44,0.44,0.44,-3.1270075050317,0.44,-2.99621686631416,-2.91181518896688,-3.00437286472704,0.44,0.44,-2.59244293300612,0.44,0.44,0.44,0.44,0.44,0.44,0.44
2024-08-29,-3.04123274182777,0.44,-3.0050792618258,-3.2448763095958,-3.25155857159035,0.44,0.44,-3.17145844410898,-3.25306135464916,-3.07982237798998,-3.16952572176729,-3.11248395838774,-3.17003461906611,-3.1768796082589,-3.34877117006231,-2.85916223971065,0.44,-3.2245145762287,-3.14402967903193,-3.23460172211621,-3.31351286467146,0.44,0.44,-3.12178015498363,0.44,0.44,0.44,0.44,-3.09979868258946,0.44,0.44,0.44,-3.01129084531223,0.44,0.44,0.44,-3.13488251534983,0.44,-2.9944552786033,-2.92187029724548,-3.01495918989156,0.44,0.44,-2.58317834829939,0.44,0.44,0.44,0.44,0.44,0.44,0.44
2024-08-30,-3.05158758188246,0.44,-3.01623270358623,-3.24959055128216,-3.25614595239588,0.44,0.44,-3.17810234262624,-3.25761385986883,-3.08912416281364,-3.17577017468713,-3.12083536562323,-3.17672438257601,-3.18338000046277,-3.35126846066023,-2.87629158408341,0.44,-3.22976863268396,-3.15146479411804,-3.23959458788357,-3.31671060739119,0.44,0.44,-3.12986189823227,0.44,0.44,0.44,0.44,-3.10850933683407,0.44,0.44,0.44,-3.022786145242,0.44,0.44,0.44,-3.14253074050674,0.44,-2.94100519991501,-2.91721718807758,-3.02422808970926,0.44,0.44,-2.47661875738665,0.44,0.44,0.44,0.44,0.44,0.44,0.44
2024-08-31,-3.05528190547793,0.44,-3.02496654309121,-3.25404399866202,-3.26062399590244,0.44,0.44,-3.18456561901568,-3.26205832776039,-3.09814374383433,-3.18014381493128,-3.12893748723659,-3.18323100235184,-3.18895397821482,-3.35335644127431,-2.89275347793104,0.44,-3.23489094293978,-3.15868666739254,-3.2444656334993,-3.31984198764262,0.44,0.44,-3.13770465173261,0.44,0.44,0.44,0.44,-3.11695692297569,0.44,0.44,0.44,-3.03389976561062,0.44,0.44,0.44,-3.14996012810786,0.44,-2.91919158084571,-2.91617121212634,-3.03418949144428,0.44,0.44,-2.43518658314964,0.44,0.44,0.44,0.44,0.44,0.44,0.44
2024-09-01,-2.54447145295532,0.93,-2.54468897005702,-2.76785218262723,-2.77499635817893,0.93,0.93,-2.70085467400857,-2.77639824668441,-2.616891996182,-2.695226264027,-2.6468003703761,-2.69956121610759,-2.7016657430646,-2.86409007447545,-2.41858758112714,0.93,-2.74988599455477,-2.67570366770643,-2.75921889794202,-2.83290893172916,0.93,0.93,-2.65531823931955,0.93,0.93,0.93,0.93,-2.63515373810238,0.93,0.93,0.93,-2.55465165033882,0.93,0.93,0.93,-2.66717841506298,0.93,-2.44341726374974,-2.43732857423034,-2.55486421717576,0.93,0.93,-1.97807180429146,0.93,0.93,0.93,0.93,0.93,0.93,0.93
2024-09-02,-2.53167623694893,0.93,-2.5554215633426,-2.77190889697518,-2.77926643878441,0.93,0.93,-2.70697577138937,-2.78063692633892,-2.62537953194786,-2.70136577187055,-2.65443409845617,-2.70448345159805,-2.70599421064274,-2.86562624191714,-2.4338272104061,0.93,-2.75475812305213,-2.68252379713913,-2.76385820487915,-2.83591327499762,0.93,0.93,-2.66271198804133,0.93,0.93,0.93,0.93,-2.64311034589285,0.93,0.93,0.93,-2.56505654644244,0.93,0.93,0.93,-2.67349123926107,0.93,-2.45717391358105,-2.45136405854242,-2.56371726591177,0.93,0.93,-2.00955370469854,0.93,0.93,0.93,0.93,0.93,0.93,0.93
2024-09-03,-2.5238246107678,0.93,-2.56581043167995,-2.77622351353716,-2.78343754709056,0.93,0.93,-2.71293489854811,-2.78477762259331,-2.63361626123605,-2.70747009153876,-2.66184799339931,-2.70477987858045,-2.71197806442886,-2.86799434069606,-2.44850328657892,0.93,-2.75951147888658,-2.68915465139364,-2.76838719568058,-2.83885680541894,0.93,0.93,-2.66989454597537,0.93,0.93,0.93,0.93,-2.65083629508093,0.93,0.93,0.93,-2.5751263178126,0.93,0.93,0.93,-2.67314644916646,0.93,-2.462273719362,-2.4641463600261,-2.54882718197579,0.93,0.93,-2.0396948802828,0.93,0.93,0.93,0.93,0.93,0.93,0.93
2024-09-04,-2.52633058485014,0.93,-2.57587012606355,-2.78043948886349,-2.7875128998253,0.93,0.93,-2.71873774580848,-2.78882346968339,-2.64161140787031,-2.7134134890665,-2.66905067041782,-2.70785300164224,-2.71780507708605,-2.87031862289295,-2.45916882385294,0.93,-2.76415002518955,-2.69560344245881,-2.77280936733975,-2.84174124554957,0.93,0.93,-2.67687409431336,0.93,0.93,0.93,0.93,-2.6583404707739,0.93,0.93,0.93,-2.58487691233253,0.93,0.93,0.93,-2.65971645145358,0.93,-2.43668218132696,-2.47371853641159,-2.4653787588398,0.93,0.93,-2.06856955719181,0.93,0.93,0.93,0.93,0.93,0.93,0.93
2024-09-05,-2.53738219168672,0.93,-2.58561456478452,-2.78378417011823,-2.7914955357114,0.93,0.93,-2.72438975540149,-2.79277742799075,-2.64937422992518,-2.71920156625876,-2.67605015368374,-2.71378663278986,-2.72348081846349,-2.87260020312476,-2.45682782663351,0.93,-2.76867757080937,-2.70187703413779,-2.7771281694506,-2.84456824082563,0.93,0.93,-2.68365852222394,0.93,0.93,0.93,0.93,-2.66563109143189,0.93,0.93,0.93,-2.59432452612752,0.93,0.93,0.93,-2.65718660989557,0.93,-2.43027347801455,-2.48458874108258,-2.33730039634638,0.93,0.93,-2.09626838785745,0.93,-2.10412808361371,0.93,0.93,-1.30329091733988,0.93,0.93
2024-09-06,-2.54538568821587,0.93,-2.59505639547899,-2.78408995838735,-2.79392598680514,0.93,0.93,-2.72989647149189,-2.79664235004641,-2.6569130040992,-2.72483917740477,-2.68285428439709,-2.71956530722573,-2.72901073843025,-2.8748401590204,-2.46237010404592,0.93,-2.77267608991219,-2.70798195547095,-2.78134684243016,-2.84733936564691,0.93,0.93,-2.69025536881636,0.93,0.93,0.93,0.93,-2.672716292101,0.93,0.93,0.93,-2.60348092495772,0.93,0.93,0.93,-2.66444363831139,0.93,-2.44444021723975,-2.49463167066151,-2.44255130965068,0.93,0.93,-2.1228660361133,0.93,-2.13018393773516,0.93,0.93,-1.33166814571305,0.93,0.93
2024-09-07,-2.54325395642928,0.93,-2.60420759652699,-2.78561392879297,-2.79094794873571,0.93,0.93,-2.73526312549878,-2.80042100492476,-2.6631068349989,-2.730331664609,-2.68947052844135,-2.72519450920356,-2.73439991050917,-2.87703953221843,-2.47598366140021,0.93,-2.77505507001406,-2.71392443257943,-2.78546836004395,-2.850056130383,0.93,0.93,-2.69667165977995,0.93,0.93,0.93,0.93,-2.67960410778564,0.93,0.93,0.93,-2.6123557052623,0.93,0.93,0.93,-2.67150268351223,0.93,-2.4581428313315,-2.49785001839005,-2.45645013073211,0.93,0.93,-2.14544394257167,0.93,-2.15519132032433,0.93,0.93,-1.31297405175938,0.93,0.93
2024-09-08,-2.5472957589489,0.93,-2.60569162634659,-2.78927302339447,-2.78803169068882,0.93,0.93,-2.74049458615213,-2.80411603475807,-2.64804282875024,-2.73276548874268,-2.69590596102905,-2.73067950286194,-2.73891402376793,-2.87919933051873,-2.48911422337209,0.93,-2.77832902573121,-2.71971040986246,-2.78949573973787,-2.8526134031515,0.93,0.93,-2.70291419115249,0.93,0.93,0.93,0.93,-2.68630198548732,0.93,0.93,0.93,-2.62096068898561,0.93,0.93,0.93,-2.67836991195487,0.93,-2.47139286853764,-2.50538184978893,-2.46986578940077,0.93,0.93,-2.15645187434241,0.93,-2.17916686687274,0.93,0.93,-1.34031449448802,0.93,0.93
2024-09-09,-2.55770231566792,0.93,-2.5757296897958,-2.79318865401977,-2.77524167820355,0.93,0.93,-2.74559546897498,-2.80772998563211,-2.50495395812659,-2.72436515379435,-2.70216732762515,-2.73602536380431,-2.74063796762084,-2.88132053067281,-2.50178364215168,0.93,-2.78252265439837,-2.72534554293723,-2.79300595424567,-2.85427743201393,0.93,0.93,-2.70861983899443,0.93,0.93,0.93,0.93,-2.69246371367622,0.93,0.93,0.93,-2.62930805893724,0.93,0.93,0.93,-2.68505174524054,0.93,-2.48421225743407,-2.5170486647083,-2.4828295743521,0.93,0.93,-2.17354892282702,0.93,-2.17389121907775,0.93,0.93,-1.40248165960117,0.93,0.93
2024-09-10,-2.567796558425,0.93,-2.54915290651731,-2.79701840465539,-2.765615485271,0.93,0.93,-2.75040939182912,-2.81126529671761,-2.25852556384173,-2.72271876786677,-2.70826102439061,-2.74123658720627,-2.74398323700008,-2.88340407804523,-2.51401620835611,0.93,-2.78661973745201,-2.73083521536495,-2.79489439156837,-2.85448171107587,0.93,0.93,-2.71271268137611,0.93,0.93,0.93,0.93,-2.69718562856768,0.93,0.93,0.93,-2.63661673148654,0.93,0.93,0.93,-2.69155465915467,0.93,-2.4966170821122,-2.52834051616628,-2.49536539601405,0.93,0.93,-2.19679815440234,0.93,-2.03462636024387,0.93,0.93,-1.4613070886452,0.93,0.93
2024-09-11,-2.57207352751659,0.93,-2.55058127778236,-2.80076516557664,-2.76716081546338,0.93,0.93,-2.7531211936351,-2.81472430949762,-2.53905356206341,-2.7282476499665,-2.71419315000214,-2.74631787050638,-2.74899482462367,-2.88545088519861,-2.52583345841027,0.93,-2.79062332389161,-2.73618458314454,-2.79770070556838,-2.85596716519598,0.93,0.93,-2.7170669133896,0.93,0.93,0.93,0.93,-2.70145633254662,0.93,0.93,0.93,-2.64085437197436,0.93,0.93,0.93,-2.69788442980821,0.93,-2.50862422233822,-2.53928128598705,-2.50749443064345,0.93,0.93,-2.21604868002394,0.93,-1.65512996435154,0.93,0.93,-1.51702024488148,0.93,0.93
2024-09-12,-2.55581293510296,0.93,-2.561028969782,-2.80443140497122,-2.77157854166659,0.93,0.93,-2.75099872549945,-2.81810929422443,-2.54980824365062,-2.73363708287105,-2.71996956412934,-2.75127375825557,-2.75388364668751,-2.88746183436156,-2.53725363698612,0.93,-2.79453638035212,-2.74139860018333,-2.80145239781233,-2.85851559251845,0.93,0.93,-2.72246588928619,0.93,0.93,0.93,0.93,-2.70054933593698,0.93,0.93,0.93,-2.64441646163902,0.93,0.93,0.93,-2.70357869481169,0.93,-2.52025518270782,-2.54989333377703,-2.5192366693387,0.93,0.93,-2.20313362967602,0.93,-1.69490355646869,0.93,0.93,-1.56975204972544,0.93,0.93
2024-09-13,-2.55237997114162,0.93,-2.57114760312673,-2.80771610757355,-2.7758959239404,0.93,0.93,-2.75246705288763,-2.82142244007262,-2.56022323390251,-2.73889221823808,-2.7255958439671,-2.75610840887706,-2.75865361207032,-2.88943778935143,-2.54829403876855,0.93,-2.79836173748869,-2.74648197996991,-2.80512174513232,-2.86091841442372,0.93,-2.5528047059203,-2.72802649314933,0.93,0.93,0.93,0.93,-2.69526141985597,0.93,0.93,0.93,-2.64122981125266,-2.71264357934823,0.93,0.93,-2.70743284321517,0.93,-2.53152506259348,-2.56019207829765,-2.53060843227323,0.93,0.93,-2.11558669444708,0.93,-1.62329302383362,0.93,0.93,-1.61971857855077,0.93,0.93
2024-09-14,-2.54895919535131,0.93,-2.58095466643483,-2.80972553327779,-2.7801157771863,0.93,0.93,-2.75726607624628,-2.82466584981326,-2.57031725016567,-2.74401732719453,-2.73107730621128,-2.75998901328179,-2.76330869996951,-2.89137959377641,-2.55897184984936,0.93,-2.8021020809576,-2.75143920825539,-2.80871118804065,-2.86292390522378,0.93,-2.56093685817427,-2.73339600365495,0.93,0.93,0.93,0.93,-2.69627344521229,0.93,0.93,0.93,-2.64336621790453,-2.68200583832032,0.93,0.93,-2.71223975043851,0.93,-2.54244519893081,-2.57018844846387,-2.54162193602165,0.93,-1.73174961294552,-2.0694577881619,0.93,-1.60916121257581,0.93,0.93,-1.6670838760949,0.93,0.93
2024-09-15,-2.48269678856694,0.93,-2.59046292817169,-2.81197762883676,-2.78424027967223,0.93,0.93,-2.76194963804305,-2.82784154081513,-2.57456703020416,-2.74901680513067,-2.73641902559745,-2.75989615037037,-2.7678527500564,-2.89315385261751,-2.56930326025192,0.93,-2.80575995048565,-2.75627460617946,-2.81222306950505,-2.86511107048905,0.93,-2.57115701732557,-2.73771120642331,0.93,0.93,0.93,0.93,-2.70207687153013,0.93,0.93,0.93,-2.65102249700492,-2.66894027357998,0.93,0.93,-2.71802252884013,0.93,-2.55303030257268,-2.57989077521862,-2.55229089194995,0.93,-1.77514339563241,-2.08739940365611,0.93,-1.64773816971271,0.93,0.93,-1.71192097141061,0.93,0.93
2024-09-16,-2.26239448171231,0.93,-2.59968148881932,-2.81514339543583,-2.7882717643585,0.93,0.93,-2.76652144526963,-2.83095145565985,-2.55818771315623,-2.75389494704687,-2.74162582633911,-2.75860454090475,-2.77228935528683,-2.8943779515084,-2.57930293032885,0.93,-2.80932116342452,-2.76099230166683,-2.81565964044495,-2.86748706494948,0.93,-2.58105315742732,-2.73933510710588,0.93,0.93,0.93,0.93,-2.70814503321911,0.93,0.93,0.93,-2.65846094206657,-2.67587648533362,0.93,0.93,-2.72365766849259,0.93,-2.56329230683097,-2.58930810724314,-2.56262803835658,0.93,-1.81639429589969,-2.11403415199317,0.93,-1.68960816763473,0.93,0.93,-1.75452735022885,0.93,0.93
2024-09-17,-2.39547495279233,0.93,-2.60862292052658,-2.81850020900965,-2.79221259067558,0.93,0.93,-2.7709850455237,-2.83399746353874,-2.41578379572318,-2.75865571809351,-2.74670233546591,-2.76124153153245,-2.77662193155752,-2.89576303378851,-2.58898449400701,0.93,-2.81229381445911,-2.76559623123309,-2.81902303299444,-2.86981911335553,0.93,-2.59063786271685,-2.74237090356249,0.93,0.93,0.93,0.93,-2.71405439220848,0.93,0.93,0.93,-2.66569224277011,-2.68262463751503,0.93,0.93,-2.7291508904355,0.93,-2.56892298262184,-2.59845037207586,-2.55230549575394,0.93,-1.85568777469426,-2.13962430758139,0.93,-1.73481395307696,0.93,0.93,-1.79515214232065,0.93,0.93
2024-09-18,-2.41078339306913,0.93,-2.61729901320865,-2.82178686626779,-2.79606560322648,0.93,0.93,-2.77534399304025,-2.83698136925044,-0.41704113702677,-2.76330291386305,-2.75165300297412,-2.76582746949707,-2.77739597754719,-2.89751795504625,-2.59806365226033,0.93,-2.8136038494878,-2.77009017364369,-2.82231532691319,-2.87210835651454,0.93,-2.59992508790756,-2.74588017295169,0.93,0.93,0.93,0.93,-2.71981033723844,0.93,0.93,0.93,-2.67272419960769,-2.68918835065137,0.93,0.93,-2.73450696375744,0.93,-2.55312319782013,-2.60522962369284,-2.44935905036517,0.93,-1.89315195651253,-2.16422024312488,0.93,-1.77462856002463,0.93,0.93,-1.83392829068622,0.93,0.93
2024-09-19,-2.42558682028448,0.93,-2.62571893094984,-2.82500502531597,-2.79983429459808,0.93,0.93,-2.77960158737562,-2.83990491610026,0.93,-2.76783984103808,-2.75648207878401,-2.77030525141801,-2.76517703207979,-2.89932226545173,-2.60579238712884,0.93,-2.81594198341783,-2.77447774968613,-2.82431473062356,-2.87435588396526,0.93,-2.60892852863879,-2.75005755877192,0.93,0.93,0.93,0.93,-2.72541744579676,0.93,0.93,0.93,-2.67956413320789,-2.69557406193912,0.93,0.93,-2.73972977716674,0.93,-2.52573213503819,-2.6030630705722,-1.90513441682153,0.93,-1.92888883021399,-2.18785912924193,0.93,-1.71399986844417,0.93,0.93,-1.8422667159925,0.93,0.93
2024-09-20,-2.43990510249241,0.93,-2.63389193422938,-2.82803002117998,-2.80352164731108,0.93,0.93,-2.78376101070497,-2.84276978169803,-1.63567186854333,-2.77226969887543,-2.76119372376474,-2.77467823048496,-2.7579559168422,-2.90109648418376,-2.61366775494583,0.93,-2.81929972568351,-2.7787624237453,-2.82179134505312,-2.87656273880611,0.93,-2.61765952278431,-2.75492063888791,0.93,0.93,0.93,0.93,-2.73088065247572,0.93,0.93,0.93,-2.68621896015543,-2.70179000054743,0.93,0.93,-2.74482425551527,0.93,-2.26579297399678,-2.60133733079655,-2.33334220316602,0.93,-1.85342192587532,-2.19520058337313,0.93,-1.28949611774309,0.93,0.93,-1.70056770417967,0.93,0.93
2024-09-21,-2.45203552749712,0.93,-2.64023301631685,-2.83053366373469,-2.80713009606454,0.93,0.93,-2.78722044683245,-2.84557758603562,-1.65906428476133,-2.77659612890769,-2.76579186834756,-2.77894958383987,-2.74830486018604,-2.90284129808785,-2.62098163365456,0.93,-2.82258656558119,-2.78294751565312,-2.82207166238653,-2.87872994922335,0.93,-2.62612873729898,-2.75966571535938,0.93,0.93,0.93,0.93,-2.73620643287778,0.93,0.93,0.93,-2.69269489982426,-2.70784254151351,0.93,0.93,-2.74979486364984,0.93,0.93,-2.60645972573418,-2.35100880559129,0.93,-0.80259556955704,-2.10117423500399,0.93,-0.75413010108138,0.93,0.93,-1.43471902938219,0.93,0.93
2024-09-22,-2.42684522219507,0.93,-2.64054345842147,-2.83327310783366,-2.80997175478331,0.93,0.93,-2.78840720073092,-2.84832989540269,-1.24161609285609,-2.7808225250096,-2.77028029031522,-2.78312255012865,-2.74015763658444,-2.90455737294076,-2.62754870315738,0.93,-2.82580449999252,-2.78703621238369,-2.82529584541626,-2.88039192116292,0.93,-2.63434607786082,-2.76429674092897,0.93,0.93,0.93,0.93,-2.74140013960856,0.93,0.93,0.93,-2.69899840092505,-2.71373826097067,0.93,0.93,-2.75464541669385,0.93,0.93,-2.61456897526277,-2.36803563617696,0.93,0.93,-1.65588477441272,0.93,-1.14927388899083,0.93,0.93,-1.24680455434889,0.93,0.93
2024-09-23,-2.08785661573311,0.93,-2.64373269177797,-2.83625677085047,-2.81024451181566,0.93,0.93,-2.78926720083963,-2.851028220001,-0.62360044739533,-2.78495202896877,-2.77466260286585,-2.78720017114951,-2.74195050370098,-2.90624535590761,-2.58740097185513,0.93,-2.8289555122105,-2.79103157162901,-2.82845347329572,-2.88032533921983,0.93,-2.61134895549497,-2.76881747849527,0.93,0.93,0.93,0.93,-2.74646577680173,0.93,0.93,0.93,-2.70513611260327,-2.71948176307285,0.93,0.93,-2.75937971540822,0.93,0.93,-2.62292756984884,-2.38445579772018,0.93,-1.03367722693478,-1.57171987319466,0.93,-1.15608516877373,0.93,0.93,-1.24686109374073,0.93,0.93
2024-09-24,0.93,0.93,-2.6489915325382,-2.83918083819911,-2.81206428428384,0.93,0.93,-2.78337611153105,-2.85367401623747,-0.75829694653837,-2.78898772639667,-2.7789422448392,-2.79118525164915,-2.74695932329791,-2.9079058781831,-1.49701545063846,0.93,-2.83204152278491,-2.79493652659662,-2.83154640962904,-2.88131061646828,0.93,-1.97266596919315,-2.77323148446901,0.93,0.93,0.93,0.93,-2.75140701901222,0.93,0.93,0.93,-2.71111374040044,-2.72371318297699,0.93,0.93,-2.76400120480107,0.93,-1.30666114683845,-2.63105091511935,-2.40029856854132,0.93,-1.11930323636945,-1.76015214738091,0.93,-1.19626554917123,0.93,0.93,-1.31554781030511,0.93,0.93
2024-09-25,-1.73917703070866,0.93,-2.65532675176709,-2.84204728319654,-2.81548798389329,0.93,0.93,-2.77359610264242,-2.85626869105712,-0.51319200744735,-2.79293242946777,-2.78312253184256,-2.79508067289889,-2.75184903755028,-2.90953955075005,0.93,0.93,-2.83506434820229,-2.79875389154088,-2.8345763657593,-2.88339210514836,0.93,-0.14180300588862,-2.77754215729318,0.93,0.93,0.93,0.93,-2.75622784870634,0.93,0.93,0.93,-2.71693551546345,-2.72189024104254,0.93,0.93,-2.76851377502921,0.93,-1.37283116708012,-2.63708457401217,-2.41558729334882,0.93,-1.1989792101808,-1.59757938963156,0.93,-1.26951606719502,0.93,0.93,-1.37999475219651,0.93,0.93
2024-09-26,-2.02011431356241,0.93,-2.66262376320757,-2.84485765589358,-2.81884039271025,0.93,0.93,-2.77277632809332,-2.85881360388711,-0.53375184308235,-2.79594499737512,-2.78720665543968,-2.7988891372223,-2.75662321043231,-2.91114697080027,-1.60633679082906,0.93,-2.83802576383276,-2.80248636984685,-2.83691830404274,-2.88543714161678,0.93,0.93,-2.78175279616492,0.93,0.93,0.93,0.93,-2.76088415954947,0.93,0.93,0.93,-2.72260628192205,-2.71959337294422,0.93,0.93,-2.7729210586111,0.93,-1.26745433043533,-2.63453405769864,-2.43035139123762,0.93,-1.27350303555903,-1.53856444912103,0.93,-1.33836300852749,0.93,0.93,-1.44061653884919,0.93,0.93
2024-09-27,-2.05057488189359,0.93,-2.66972070398946,-2.84761318349637,-2.82212350025005,0.93,0.93,-2.77706769897901,-2.86131006787082,-0.65845795962029,-2.7958208004609,-2.79119766572124,-2.80261333094002,-2.76128588262898,-2.91272871950618,-1.71555443029681,0.93,-2.84092749873769,-2.80596181485572,-2.83693255243182,-2.88707848800174,0.93,0.93,-2.78586654460266,0.93,0.93,0.93,0.93,-2.76513288693456,0.93,0.93,0.93,-2.7281322092924,-2.72283339948714,0.93,0.93,-2.77722625133655,0.93,-0.19073612082014,-2.63016886317793,-2.4337540791374,0.93,-1.34333510986947,-1.53283144183648,0.93,-1.40316233692238,0.93,0.93,-1.49780836542551,0.93,0.93
2024-09-28,-2.07975754820164,0.93,-2.67662553883706,-2.85031500895098,-2.8253391989764,0.93,0.93,-2.78126233467233,-2.862591962968,-0.77361019632228,-2.79759791725433,-2.79509847688977,-2.80625593116609,-2.76584083841724,-2.9142853607645,-1.04936642500705,-2.73487977793043,-2.84242124106165,-2.80868212961422,-2.83835740647143,-2.88722507023176,0.93,0.93,-2.78988642275433,0.93,0.93,0.93,0.93,-2.76894991638456,0.93,0.93,0.93,-2.73351933570063,-2.72832808797486,0.93,0.93,-2.781432641892,0.93,0.93,-2.63409589549891,-2.39477861983249,0.93,-1.3996629841281,-1.240267703529,0.93,-1.46425216147584,0.93,0.93,-1.55191212586369,0.93,0.93
2024-09-29,-2.10771466658393,0.93,-2.68334479026239,-2.8505866409064,-2.82848936656759,0.93,0.93,-2.78536311907218,-2.8587353080615,-0.88046080944041,-2.80134658824541,-2.7989118878671,-2.80981946778707,-2.77006602293917,-2.9158174424251,-1.4823592144529,-2.74011600122313,-2.83892596708728,-2.80826041479088,-2.84124779451579,-2.88773395557153,0.93,0.93,-2.79381533940878,0.93,0.93,0.93,0.93,-2.77306504466693,0.93,0.93,0.93,-2.73877217570769,-2.73238892764738,0.93,0.93,-2.78554325968465,0.93,-0.0526070470218198,-2.64186030781434,-2.3758044580637,0.93,-1.41980584380886,-0.76641986837359,0.93,-1.52189680781371,0.93,0.93,-1.6031860360752,0.93,0.93
2024-09-30,-2.13445936726307,0.93,-2.68988354748539,-2.84198918260952,-2.83157580166053,0.93,0.93,-2.78937260183884,-2.85450311067804,-0.95835624138298,-2.80501327484424,-2.80264058898034,-2.81190334692881,-2.77338129562442,-2.91732549481488,-1.51343706315208,-2.74522193773025,-2.83853277564086,-2.79157463118266,-2.84408064993232,-2.88309267015377,0.93,0.93,-2.79755910306212,0.93,0.93,0.93,0.93,-2.77737055318923,0.93,0.93,0.93,-2.74389519247163,-2.73162573162108,0.93,0.93,-2.7895019511582,0.93,-0.21689426706742,-2.64941632152137,-2.38836354373887,0.93,-1.39990098257925,-0.82785854729432,0.93,-1.57632754811239,0.93,0.93,-1.65179775493973,0.93,0.93
2024-10-01,-4.13005802905972,-1.04,-4.6662474548233,-4.80887625274317,-4.80460002147184,-1.04,-1.04,-4.76103470430875,-4.82506893052502,-2.90923344440249,-4.77860056498568,-4.77628716546061,-4.77880098395766,-4.74712552004743,-4.88881003338293,-3.54049844052326,-4.72015821375541,-4.81141961100441,-4.70075272631665,-4.81683821152011,-4.36521907072273,-1.04,-1.04,-4.77086963305069,-1.04,-1.04,-1.04,-1.04,-4.75157680632179,-1.04,-1.04,-1.04,-4.71889289327395,-4.70379851394245,-1.04,-1.04,-4.76315977214321,-1.04,-2.33704011573474,-4.62677062147659,-4.37402682314469,-1.04,-3.14143238589775,-2.89685241046166,-1.04,-3.37651277994895,-1.04,-1.04,-3.66794706178143,-1.04,-1.04
2024-10-02,-4.15461282969755,-1.04,-4.67244295612192,-4.81009375139818,-4.80756325484891,-1.04,-1.04,-4.75432312241779,-4.8276306987044,-2.88651796394037,-4.78211077817853,-4.77963390861599,-4.77891733134059,-4.75127389731163,-4.89027156294313,-3.594122626664,-4.72481607948551,-4.81424909230664,-4.72425795994199,-4.81947213859816,-2.74945164822751,-1.04,-1.04,-4.77059533749361,-1.04,-1.04,-1.04,-1.04,-4.75568664909314,-1.04,-1.04,-1.04,-4.72376955124271,-4.7022736218033,-1.04,-1.04,-4.76686779664733,-1.04,-2.47457362544741,-4.62493274969704,-4.38915182671695,-1.04,-3.03561280725932,-2.98880852104657,-1.04,-1.04,-1.04,-1.04,-3.71185839642533,-1.04,-1.04
2024-10-03,-4.17151170897566,-1.04,-4.67751766600581,-4.80405852082868,-4.81046699076261,-1.04,-1.04,-4.75282191841759,-4.83014388018135,-2.94879327236874,-4.78554611889319,-4.78186119760207,-4.78241800129258,-4.75518775576542,-4.89171057486894,-3.64458072383702,-4.72945886263726,-4.81702262513159,-4.72406719399043,-4.82209806633715,-2.22685939466705,-1.04,-1.04,-4.75074020802865,-1.04,-4.51766771188506,-1.04,-1.04,-4.75970311547974,-1.04,-1.04,-1.04,-4.72852901511288,-4.67457406500238,-1.04,-1.04,-4.75884508843342,-1.04,-2.60076564688919,-4.58873305100848,-4.40376133307675,-1.04,-3.01741988884587,-3.07436639136369,-1.04,-1.04,-1.04,-1.04,-3.75365708136004,-1.04,-1.04
2024-10-04,-4.16342636869952,-1.04,-4.67899067828129,-4.79740692643904,-4.81331311627282,-1.04,-1.04,-4.75687349542279,-4.83033269909651,-3.04069204227263,-4.78890868353496,-4.78338091270204,-4.78584439125642,-4.75910151720876,-4.89312754601681,-3.69224559615929,-4.73409189254724,-4.81974169779501,-4.71552960951834,-4.82471858245624,-3.80741788810397,-1.04,-1.04,-4.61648698492107,-1.04,-4.52831035200919,-1.04,-1.04,-4.76362928714671,-1.04,-1.04,-1.04,-4.73317449669156,-4.66059654536797,-1.04,-1.04,-4.5011215258135,-1.04,-2.71698862030128,-4.56122871896078,-4.41787584086525,-1.04,-3.04881885089343,-3.15424997028903,-1.04,-1.04,-1.04,-1.04,-3.78484581201583,-1.04,-1.04
2024-10-05,-4.17065961041092,-1.04,-4.68257742793694,-4.79758841100878,-4.81610333601399,-1.04,-1.04,-4.75762735238291,-4.82202652769532,-3.12641546633899,-4.7922004487038,-4.78505847772801,-4.78919853605959,-4.76302046981123,-4.89452293954624,-3.73742110914769,-4.73861448790096,-4.82240799743758,-4.62637100532899,-4.82652285607803,-4.40772145758541,-1.04,-1.04,-4.6607442476391,-1.04,-4.53692860899858,-1.04,-1.04,-4.76746798890115,-1.04,-1.04,-1.04,-4.73770966929958,-4.66540851573337,-1.04,-1.04,-3.81440395075497,-1.04,-2.80863709583315,-4.50891354221031,-4.4315164206609,-1.04,-3.12966828321644,-3.22898593641219,-1.04,-1.04,-1.04,-1.04,-3.78348922860721,-1.04,-1.04
2024-10-06,-4.18399217320161,-1.04,-4.68833820613616,-4.80065057519564,-4.81883895260781,-1.04,-1.04,-4.74640964444002,-4.81897007294638,-3.0890311174262,-4.79542345093856,-4.78785125464581,-4.79248215562034,-4.76685422489887,-4.89589720457544,-3.78019831609138,-4.74303044760378,-4.82502290621366,-4.35458670923733,-4.82420646460998,-4.41235444261628,-1.04,-1.04,-4.71109733276093,-1.04,-4.53918771892214,-1.04,-1.04,-4.7712217512763,-1.04,-1.04,-1.04,-4.73937484449708,-4.67058861710576,-1.04,-1.04,-3.75805322327418,-1.04,-2.79810293673468,-4.47858162630142,-4.44470504011206,-1.04,-3.20547093827414,-3.29881325762806,-1.04,-1.04,-1.04,-1.04,-3.80129594616435,-1.04,-1.04
2024-10-07,-4.16152425763449,-1.04,-4.69395388196594,-4.80365476828078,-4.82152136440672,-4.67289347980826,-1.04,-4.74261257185426,-4.82163535720673,-2.55417218838368,-4.79857967158327,-4.79116866136382,-4.7956972937587,-4.77060518621388,-4.89725078026064,-3.82077872055235,-4.74734325165682,-4.82758766160434,-4.63038940651589,-4.81886719905195,-4.42495867427324,-1.04,-1.04,-4.71610781337258,-1.04,-4.54515375828305,-1.04,-1.04,-4.77489311080768,-1.04,-1.04,-1.04,-4.72963703000093,-4.67609183941953,-1.04,-1.04,-4.12471704667866,-1.04,-2.67664810243091,-4.48566992001489,-4.45746093737946,-1.04,-3.27656618623494,-3.35682734223153,-1.04,-1.04,-1.04,-1.04,-3.83842647864833,-1.04,-1.04
2024-10-08,-4.16140070088316,-1.04,-4.6994278299754,-4.80660241909391,-4.82415209290222,-4.6788121669921,-1.04,-4.74623896322199,-4.82425040490727,-2.26356940928254,-4.8006255527613,-4.79441628351404,-4.79884606638154,-4.77427556864959,-4.89858409646323,-3.85939364183071,-4.75155620529739,-4.83010368087951,-4.6373239811779,-4.81839083743897,-4.43730567084298,-1.04,-1.04,-4.72099999758556,-1.04,-4.55490313318425,-1.04,-1.04,-4.7784844694344,-1.04,-1.04,-1.04,-4.72206053853231,-4.6819328275369,-1.04,-1.04,-4.48445683672898,-1.04,-2.6899021111689,-4.49673023419587,-4.46979985957097,-1.04,-3.34315561188315,-3.38365439309596,-1.04,-1.04,-1.04,-1.04,-3.87379308215362,-1.04,-1.04
2024-10-09,-4.16088241644931,-1.04,-4.70476509289128,-4.80917622938092,-4.82673251660973,-4.68458370027191,-1.04,-4.7474903378253,-4.82681680831964,-2.37994870903709,-4.79880819041594,-4.79759614157633,-4.80193038939244,-4.77786773910101,-4.89982978532845,-3.89619017133327,-4.75567244233072,-4.83257219019384,-4.58809887749844,-4.82107323737298,-4.44938501477792,-1.04,-1.04,-4.69823693436278,-1.04,-4.56435055406612,-1.04,-1.04,-4.78199819917632,-1.04,-1.04,-1.04,-4.7240714954117,-4.6876140315225,-1.04,-1.04,-4.49548130042851,-1.04,-2.79919795457431,-4.50745554254346,-4.48173578432763,-1.04,-3.39792519335597,-3.42063310619629,-1.04,-1.04,-1.04,-1.04,-3.90756879002217,-1.04,-1.04
2024-10-10,-4.06639997116049,-1.04,-4.70997113123093,-4.80977479799265,-4.82907748526581,-4.68679065706869,-1.04,-4.75013373901605,-4.82933572396285,-2.51551675551423,-4.79937822929249,-4.80071018700685,-4.80495204967683,-4.78076011186176,-4.90081113954106,-3.93131169899776,-4.75969496687602,-4.83499446082963,-1.04,-4.82370447032841,-4.46119034558165,-1.04,-1.04,-3.89916387364745,-1.04,-4.57350934910976,-1.04,-1.04,-4.78543663015522,-1.04,-1.04,-1.04,-4.72879818843927,-4.69310363388358,-1.04,-1.04,-4.50620087128223,-1.04,-2.90082621947643,-4.51786700772542,-4.49038083212418,-1.04,-3.42209088570391,-3.47531645092861,-1.04,-1.04,-1.04,-1.04,-3.93988619453901,-1.04,-1.04
2024-10-11,-4.01326204484109,-1.04,-4.71505029355014,-4.8082491204076,-4.80857082672173,-4.67627600859674,-1.04,-4.75421505013585,-4.83180820315029,-2.64064440661566,-4.80244872648497,-4.80376029508875,-4.80791263891976,-4.78013503053152,-4.90193097425996,-3.96487115752794,-4.76362664624814,-4.83737173974032,-1.04,-4.82628593306641,-4.47272363181071,-1.04,-1.04,-1.04,-1.04,-4.58239157479914,-1.04,-1.04,-4.78880197583601,-4.84772331253816,-1.04,-1.04,-4.73341486603537,-4.69848586562321,-1.04,-1.04,-4.45744162751942,-1.04,-2.98687199832083,-4.52501303610665,-4.48617620530788,-1.04,-3.46196007819975,-3.52991208770935,-1.04,-1.04,-1.04,-1.04,-3.97083551186969,-1.04,-1.04
2024-10-12,-4.01087182516351,-1.04,-4.7200063371978,-4.80924954628035,-3.78380120118327,-4.67367724555394,-1.04,-4.75820757308607,-4.83423537770513,-2.75639796720358,-4.80545715780453,-4.80643129636326,-4.81081382875467,-4.77654368138082,-4.90319508231606,-3.99692960722412,-4.76747026009296,-4.83970517362778,-1.04,-4.82881915368224,-4.48397386361799,-1.04,-1.04,-1.04,-1.04,-4.5910082546807,-1.04,-1.04,-4.79209639765634,-4.84987051760721,-1.04,-1.04,-4.73768560026521,-4.70376989233948,-1.04,-1.04,-1.04,-1.04,-2.95398134124475,-4.5192022078399,-4.48116284523181,-1.04,-3.51733188334484,-3.58159818796035,-1.04,-1.04,-1.04,-1.04,-4.00050044759748,-1.04,-1.04
2024-10-13,-4.00898816282651,-1.04,-4.72484211534249,-4.81208428399574,-3.16217507138996,-4.67954842622335,-1.04,-4.76211450426163,-4.83661805343954,-2.8637389686506,-4.80840524004528,-4.80198296917034,-4.81363486737668,-4.77720304916818,-4.90444076197548,-4.0275375373974,-4.77122848537279,-4.84199588342875,-1.04,-4.83130532256328,-4.49312976396248,-1.04,-1.04,-1.04,-1.04,-4.59936997951185,-1.04,-1.04,-4.79532196988879,-4.85197944116549,-1.04,-1.04,-4.74099335713993,-4.70892825853824,-1.04,-1.04,-2.40369397588674,-1.04,-2.56548388432366,-4.51307573812744,-4.4878190333341,-1.04,-3.56979443083684,-3.62411888396002,-1.04,-1.04,-1.04,-1.04,-4.02894076543413,-1.04,-1.04
2024-10-14,-4.00305755441026,-1.04,-4.72956086472574,-4.81417779527009,-4.3921277655922,-4.68527972628353,-1.04,-4.7659388745977,-4.83883070409553,-2.96342198710431,-4.80649900885156,-4.77415346340612,-4.8163190179474,-4.78072183777069,-4.90566838235321,-4.05677951389897,-4.77490392303161,-4.84424492148124,-1.04,-4.83374534997534,-4.49330880779221,-1.04,-1.04,-1.04,-1.04,-4.60748640833355,-1.04,-1.04,-4.79848066568966,-4.85404324310218,-1.04,-1.04,-4.74476256665776,-4.71396470266895,-1.04,-1.04,-3.95368989676641,-1.04,-2.20724708884796,-4.51863271027531,-4.49909084599278,-1.04,-3.61958563600464,-3.58448377484402,-1.04,-1.04,-1.04,-1.04,-4.05621532969361,-1.04,-1.04
2024-10-15,-3.9968350549569,-1.04,-4.73416739127529,-4.81372458454911,-4.61884538684378,-4.6908721408781,-1.04,-4.76968311401894,-4.84054534990257,-3.05609620567866,-4.78536924498328,-4.61894260142307,-4.81900091742714,-4.78416696188642,-4.90687830241918,-4.08337567063797,-4.77849903297968,-4.84645332428201,-1.04,-4.83590646773236,-4.4892991080643,-1.04,-1.04,-1.04,-1.04,-4.61536613458376,-1.04,-1.04,-4.8015744068395,-4.85604259856177,-1.04,-1.04,-4.74900800843709,-4.71888336201945,-1.04,-1.04,-3.98504488969134,-1.04,-2.20762407228162,-4.52864192062056,-4.51001063866413,-1.04,-3.66683713193232,-3.33336865016973,-1.04,-1.04,-1.04,-1.04,-4.08238457552732,-1.04,-1.04
2024-10-16,-4.0141129275242,-1.04,-4.73866610925539,-4.81482799409577,-4.62590899859147,-4.69632944440396,-1.04,-4.7684229019557,-4.84251368949859,-3.14244513762623,-4.73272166048028,-4.7573801378618,-4.82084875939621,-4.78627709017561,-4.90807087254701,-4.10393242361996,-4.78201621301647,-4.84843282911978,-1.04,-4.83717986407661,-4.49469766099519,-1.04,-1.04,-1.04,-1.04,-4.62301728586976,-1.04,-1.04,-4.8046049929507,-4.85802457549017,-1.04,-1.04,-4.75315761740531,-4.72368611238584,-1.04,-1.04,-4.01509456874678,-1.04,-2.20468269045374,-4.53834038525093,-4.52058945733668,-1.04,-3.7116453693503,-3.2375718574767,-1.04,-1.04,-1.04,-1.04,-4.10750595808388,-1.04,-1.04
2024-10-17,-4.00665367796842,-1.04,-4.743060730587,-4.81755555529628,-4.63281062940792,-4.70165780099563,-1.04,-4.74664503596746,-4.8447453762112,-3.08052783191346,-4.77329560194467,-4.75873658442259,-4.81899117403326,-4.78275639527314,-4.90924643444346,-4.12664995143355,-4.78545767608977,-4.84838810536482,-1.04,-4.83895644913376,-4.50529188413136,-1.04,-1.04,-1.04,-1.04,-4.63044818156045,-1.04,-1.04,-4.80757416075808,-4.85999051198278,-1.04,-1.04,-4.75721416032451,-4.72837678062445,-1.04,-1.04,-4.0439441959803,-1.04,-1.99280120493465,-4.54774009873889,-4.53084134773874,-1.04,-3.75415115289849,-3.28474375649303,-1.04,-1.04,-1.04,-1.04,-4.1291395557687,-1.04,-1.04
2024-10-18,-3.85624182810629,-1.04,-4.74735439913418,-4.82023373653168,-4.63954852807207,-4.70686010045072,-1.04,-4.72925236272456,-4.84693751031958,-2.35920692033788,-4.77687302947317,-4.75054154268092,-4.81675745028629,-4.77728992113805,-4.91040532137065,-4.14751214818183,-4.7888256142716,-4.84395327579319,-1.04,-4.84125433556227,-4.45455112713239,-1.04,-1.04,-1.04,-1.04,-4.63766810685708,-1.04,-1.04,-4.81048361370353,-4.86192256352013,-1.04,-1.04,-4.76118026123743,-4.73296011800196,-1.04,-1.04,-4.07164620764238,-1.04,-1.9912928062973,-4.55686840711794,-4.54078491418255,-1.04,-3.79448370591498,-3.25216398626269,-1.04,-1.04,-1.04,-1.04,-4.12178378149164,-1.04,-1.04
2024-10-19,-3.79285142260311,-1.04,-4.74804924717892,-4.82286327645299,-4.64612370994551,-4.71194178487458,-1.04,-4.72920615425417,-4.84909103224914,-1.04,-4.78037761139263,-4.7467663625637,-4.81798292141367,-4.77237443603623,-4.91154785849649,-4.15290340267566,-4.79212228451798,-4.84297770367967,-1.04,-4.8435106765391,-1.04,-1.04,-1.04,-1.04,-1.04,-4.64468476162363,-1.04,-1.04,-4.81332394350998,-4.86382153012382,-1.04,-1.04,-4.76505813802641,-4.73703666857874,-1.04,-1.04,-4.09109542677825,-1.04,-2.15600756518377,-4.5657455105039,-4.55043469570915,-1.04,-3.83275308143062,-3.26835433764064,-1.04,-1.04,-1.04,-1.04,-4.04715928283255,-1.04,112.980849010314
2024-10-20,-3.83221816937085,-1.04,-4.73566506784289,-4.82544470009089,-4.65254471850258,-4.71690609324054,-1.04,-4.73371544867534,-4.85120682893953,-1.84378925710459,-4.78381068689766,-4.74020588435338,-4.82067907565695,-4.77282844653677,-4.91267436284521,-4.16717775253801,-4.79534981938318,-4.84520331650141,-1.04,-4.84572656147317,-1.04,-1.04,-1.04,-1.04,-1.04,-4.65150550196073,-1.04,-1.04,-4.81606803676203,-4.86568818352355,-1.04,-1.04,-4.76885009124821,-4.7395631335992,-1.04,-1.04,-4.06455608834245,-1.04,-2.30634052224685,-4.57438143660956,-4.5580240719939,-1.04,-3.86913988557112,-3.32701061369577,-1.04,-1.04,-1.04,-1.04,-4.02435349647858,-1.04,-1.04
2024-10-21,-3.86970776542503,-1.04,-4.73138961670604,-4.82797869942417,-4.65882121799542,-4.72175521804338,-1.04,-4.73801503251,-4.8532857812029,-2.029423826359,-4.78717425000431,-4.72343968364949,-4.82332357460006,-4.77641693631305,-4.91349184675974,-4.19041151064531,-4.79851020850002,-4.8473894314485,-1.04,-4.8478521045718,-1.04,-1.04,-1.04,-1.04,-1.04,-4.65813853285526,-1.04,-1.04,-4.81869572466996,-4.86752328080147,-1.04,-1.04,-4.77255898254415,-4.74293643090638,-1.04,-1.04,-3.9055491148559,-1.04,-2.44385657098531,-4.5827854133688,-4.55890961795873,-1.04,-3.85793766889722,-3.35795412940452,-1.04,-1.04,-1.04,-1.04,-4.05181995475501,-1.04,61.9652558549317
2024-10-22,-3.90549180104325,-1.04,-4.73593455193331,-4.83046650586093,-4.66495875535459,-4.72649326633838,-1.04,-4.73669677100466,-4.85532872276186,-1.04,-4.79047006889418,-4.71893509250868,-4.82591771367845,-4.77965627179256,-4.91322772449018,-4.212725096689,-4.80160536756845,-4.84953687631018,-2.43407993203508,-4.84975596119934,-1.04,-1.04,-1.04,-1.04,-1.04,-4.66459064459274,-1.04,-1.04,-4.8208608130732,-4.86932755677654,-1.04,-1.04,-4.77618718531993,-4.74718393233085,-1.04,-1.04,-2.80049472453736,-1.04,-2.57017715073156,-4.59096716091149,-4.56362147693306,-1.04,-3.65795017140473,-3.40219057362874,-1.04,-1.04,-1.04,-1.04,-4.07816982011843,-1.04,42.454344998845
2024-10-23,-3.93968825505948,-1.04,-4.74037553843164,-4.83266177781293,-4.67095915983336,-4.72755975426019,-1.04,-4.71622927582346,-4.85733636386316,-1.04,-4.79369852513167,-4.72367539667043,-4.82846272944829,-4.78175766941745,-4.91362804724365,-4.23415944682425,-4.80463713639366,-4.8516465358416,-2.56558292944834,-4.85174068848097,-1.04,-1.04,-1.04,-1.04,-1.04,-4.67086876523901,-1.04,-1.04,-4.82273832216777,-4.8711017244821,-1.04,-1.04,-4.77973682779735,-4.75133901426351,-1.04,-1.04,-2.56462407715733,-1.04,-2.68669278776918,-4.59893611068573,-4.572470906213,-1.04,-3.48844191083844,-3.43548875140498,-1.04,-1.04,-1.04,-1.04,-4.10346245974691,-1.04,39.0254267488375
2024-10-24,-3.97239351611653,-1.04,-4.74126556917726,-4.83392020265402,-4.67480409531599,-4.69249714917781,-1.04,-4.70789781362473,-4.85806128377538,-1.04,-4.79686099888962,-4.72831439360585,-4.83095980207557,-4.78414088177352,-4.91472518351149,-4.25476210607174,-4.80760728748434,-4.85371934053131,-2.6869536047472,-4.85381064507691,-1.04,-4.74231953903677,-1.04,-1.04,-1.04,-4.67697987962339,-1.04,-1.04,-4.82506039927339,-4.87284647694919,-1.04,-1.04,-4.78321038835395,-4.75540436360162,-1.04,-1.04,-3.31388279815203,-1.04,-2.79271913304312,-4.60669997566373,-4.58113655531412,-1.04,-2.50432044160346,-3.3781077961395,-1.04,-1.04,-1.04,-1.04,-4.12773901844008,-1.04,47.256541880715
2024-10-25,-4.0036706966343,-1.04,-4.72856992767685,-4.83571182228386,-4.67119806496785,-3.90220755453548,-1.04,-4.71285890402778,-4.85416884077714,-1.04,-4.79995993905509,-4.73285509440045,-4.83341015507589,-4.78718313437366,-4.91580719642319,-4.27456969350049,-4.81051754044392,-4.85575612751068,-2.79887231507815,-4.85584473330399,-1.04,-4.74663352591898,-1.04,-1.04,-1.04,-4.68293034488056,-1.04,-1.04,-4.82762601627393,-4.87456248330706,-1.04,-1.04,-4.78187763980916,-4.75938186586649,-1.04,-1.04,-3.3796319615894,-1.04,-2.88490045944355,-4.61426488583096,-4.58955013476381,-1.04,-1.04,-3.37765225871134,-1.04,-1.04,-1.04,36.0937928870479,-4.14777394598443,-1.04,42.166507488
2024-10-26,-4.03164821703173,-1.04,-4.72120063265426,-4.83805586862896,-4.67218859755824,-1.04,-1.04,-4.71770928811547,-4.85314374000283,-1.04,-4.80299734663282,-4.73448904765077,-4.83581498403086,-4.78993246941957,-4.91687435843465,-4.29362743464114,-4.81336954958932,-4.85775768575973,-2.90209685624258,-4.85784381618158,-1.04,-4.75084940261123,-1.04,-1.04,-1.04,-4.68872585984172,-1.04,-1.04,-4.83014274694897,-4.87623417830476,-1.04,-1.04,-4.76256549618733,-4.76327299250133,-1.04,-1.04,-3.44151028631474,-1.04,-2.97402957517224,-4.62163471991191,-4.5977243195251,-1.04,-1.04,-3.41376293381715,-1.04,-1.04,-1.04,42.5170653086001,-4.15528152641817,-1.04,31.3120316480393
2024-10-27,-4.05170264676838,-1.04,-4.72422598133924,-4.84035723962501,-4.67799185498637,-3.64074167835084,-1.04,-4.72245175116144,-4.85518336869734,-1.04,-4.80597416889848,-4.72568826608497,-4.83817545893204,-4.7928858686599,-4.91792694173627,-4.28646512489958,-4.81616491278573,-4.85739002696684,-2.99772233396579,-4.85980868943361,-1.04,-4.75497011177792,-1.04,-1.04,-1.04,-4.6937491489323,-1.04,-1.04,-4.83261193794805,-4.87766020762199,-1.04,-1.04,-4.75418390225458,-4.76707903597566,-1.04,-1.04,-3.49981248337816,-1.04,-3.0608339253383,-4.62881541719059,-4.60419852393794,-1.04,-1.04,-3.3211001038484,-1.04,-1.04,-1.04,43.295357269577,-4.16850714446572,-1.04,24.9496389939226
2024-10-28,-4.0749612659229,-1.04,-4.71245266370381,-4.84261731010758,-4.68366351547934,-2.71984188472056,-1.04,-4.7270915701277,-4.85718781507895,-1.04,-4.8088924164502,-4.72337970408411,-4.84049270329047,-4.7960512559525,-4.91896522828499,-4.17928546680979,-4.81890517330045,-4.84792295915375,-3.08657970199234,-4.86174004829447,-1.04,-4.75899829930149,-1.04,-1.04,-1.04,-4.68948771030224,-1.04,-1.04,-4.83474182765445,-4.87851966224601,-1.04,-1.04,-4.75817722005445,-4.77080343449761,-1.04,-1.04,-3.55487804683275,-1.04,-3.14208348054894,-4.63162641881061,-4.60427565525984,-1.04,-1.04,-3.10840731332854,-1.04,-1.04,-1.04,-1.04,-4.18428249875044,-1.04,21.8360570078338
2024-10-29,-4.10148046077285,-1.04,-4.42119238397893,-4.84478548296145,-4.68920920767301,-1.34111398666092,-1.04,-4.73163124313308,-4.85915795979711,-1.04,-4.81175441315914,-4.72667946034113,-4.84276773575048,-4.79915415955761,-4.91998948962107,-4.12608050681327,-4.82159182373266,-4.84254201656566,-3.16944889009622,-4.86363862752345,-1.04,-4.7629364118621,-1.04,-1.04,-1.04,-4.65909895882728,-1.04,-1.04,-4.83287560680713,-4.87976394221418,-1.04,-1.04,-4.76208415336141,-4.77444927157028,-1.04,-1.04,-3.6069946130051,-1.04,-3.21815019196347,-4.59961671090353,-4.60435409774942,-1.04,-1.04,-3.06550664311504,-1.04,-1.04,-1.04,24.9723047431465,-4.20219220046731,-1.04,20.6219079071302
2024-10-30,-4.1261016289989,-1.04,-3.94092920684558,-4.8467271674502,-4.69463256590108,-1.04,-1.04,-4.73241279188735,-4.86109493367298,-1.04,-4.81367901323879,-4.72344002299395,-4.84500155506263,-4.80219709723379,-4.92099998231099,-4.09947272625941,-4.82422630270945,-4.84373353074734,-3.24689120063816,-4.86550508551152,-1.04,-4.76678666878797,-1.04,-1.04,-1.04,-4.64176849552544,-1.04,-1.04,-4.82077197438692,-4.88136748324737,-1.04,-1.04,-4.76577160341228,-4.7776877802077,-1.04,-1.04,-3.65637767515194,-1.04,-3.28930184192509,-1.04,-4.60992995720392,-1.04,-1.04,-3.12310906924897,-1.04,-1.04,-1.04,20.6346380170645,-4.22227243777847,-1.04,18.4065055312863
2024-10-31,-4.14684831057615,-1.04,-3.02797322471793,-4.8487517790893,-4.69993511009336,-1.04,-1.04,-4.70428428295381,-4.85963829409585,-1.04,-4.81155486343104,-4.71740503165317,-4.84582330938929,-4.80518111169198,-4.92199695950642,-4.00107323726872,-4.82681000302171,-4.84503734253625,-3.31938999854908,-4.86734019159944,-1.04,-4.77055171290442,-1.04,-1.04,-1.04,-4.64563704428089,-1.04,-1.04,-4.81591930358456,-4.88294545579487,-1.04,-1.04,-4.76888804630976,-4.77941834072955,-1.04,-1.04,-3.66828255622184,-1.04,-3.35095990378185,-1.04,-4.61747455710702,-1.04,-1.04,-3.1066740895699,-1.04,-1.04,-1.04,18.3916512740637,-4.24151237508263,-1.04,17.0244084546133
2024-11-01,-2.90850023769793,0.22,0.22,-3.58968349244525,-3.44440033238752,0.22,0.22,-2.72873033997818,-3.58231761404246,0.22,-3.54804079646359,-3.45786037693627,-3.58156778523659,-3.54810688956804,-3.6628999665363,-2.71267265873369,-3.56934426784921,-3.58675220417082,-2.12743302848178,-3.6091447357993,0.22,-3.51423431823056,0.22,0.22,0.22,-3.39235426492036,0.22,0.22,-3.55679567907404,-3.62434471177068,0.22,0.22,-3.51224405367201,-3.52097290217283,0.22,0.22,-2.28685184937185,0.22,-2.13142249881407,0.22,-3.33601311296208,0.22,0.22,-1.85232787941857,0.22,0.22,50.4205463776083,16.8950218305456,-2.9962182975174,0.22,22.5087403460062
